FIFA_player_name,FIFA_player_rating,PosGroup,PointsAboveAverage
Cristiano Ronaldo,94,attack,9.24411078306347
Lionel Messi,94,attack,9.24411078306347
Neymar,92,attack,7.47219691648464
Eden Hazard,91,attack,6.65687772286021
Kevin De Bruyne,91,attack,6.65687772286021
Luis Suárez,91,attack,6.65687772286021
Luka Modrić,91,attack,6.65687772286021
Sergio Ramos,91,defence,6.23372340766947
Robert Lewandowski,90,attack,5.88802117947039
Toni Kroos,90,attack,5.88802117947039
Diego Godín,90,defence,5.5530509681701
N'Golo Kanté,89,attack,5.16497130718305
David Silva,89,attack,5.16497130718305
Sergio Agüero,89,attack,5.16497130718305
Harry Kane,89,attack,5.16497130718305
Paulo Dybala,89,attack,5.16497130718305
Edinson Cavani,89,attack,5.16497130718305
Antoine Griezmann,89,attack,5.16497130718305
Isco,89,attack,5.16497130718305
Mats Hummels,89,defence,4.91095534668131
Giorgio Chiellini,89,defence,4.91095534668131
Mohamed Salah,88,attack,4.48694818723161
Paul Pogba,88,attack,4.48694818723161
Christian Eriksen,88,attack,4.48694818723161
James RodríguezL,88,attack,4.48694818723161
Gonzalo HiguaínL,88,attack,4.48694818723161
Lorenzo Insigne,88,attack,4.48694818723161
Sergio Busquets,88,attack,4.48694818723161
Coutinho,88,attack,4.48694818723161
Casemiro,88,attack,4.48694818723161
Gareth Bale,88,attack,4.48694818723161
Thiago Silva,88,defence,4.30706142625264
Marcelo,88,defence,4.30706142625264
Pierre-Emerick Aubameyang,87,attack,3.85306558026273
Romelu Lukaku,87,attack,3.85306558026273
Alexis Sánchez,87,attack,3.85306558026273
Mauro Icardi,87,attack,3.85306558026273
Ciro Immobile,87,attack,3.85306558026273
Marek Hamšík,87,attack,3.85306558026273
Dries Mertens,87,attack,3.85306558026273
Kylian Mbappé,87,attack,3.85306558026273
Ivan Rakitić,87,attack,3.85306558026273
Jan Vertonghen,87,defence,3.74087847490638
Kalidou Koulibaly,87,defence,3.74087847490638
Piqué,87,defence,3.74087847490638
Samuel Umtiti,87,defence,3.74087847490638
Jordi Alba,87,defence,3.74087847490638
Mesut Özil,86,attack,3.26234680124712
Sadio Mané,86,attack,3.26234680124712
Roberto Firmino,86,attack,3.26234680124712
Fernandinho,86,attack,3.26234680124712
Leroy Sané,86,attack,3.26234680124712
Nemanja Matić,86,attack,3.26234680124712
Thomas Müller,86,attack,3.26234680124712
Thiago,86,attack,3.26234680124712
Ivan Perišić,86,attack,3.26234680124712
Miralem Pjanić,86,attack,3.26234680124712
Douglas Costa,86,attack,3.26234680124712
Marco Verratti,86,attack,3.26234680124712
Parejo,86,attack,3.26234680124712
Azpilicueta,86,defence,3.21181286750654
Nicolás Otamendi,86,defence,3.21181286750654
Jérôme Boateng,86,defence,3.21181286750654
Naldo,86,defence,3.21181286750654
Leonardo Bonucci,86,defence,3.21181286750654
Alex Sandro,86,defence,3.21181286750654
Medhi Benatia,86,defence,3.21181286750654
Raphaël Varane,86,defence,3.21181286750654
Virgil van Dijk,85,defence,2.71917982819452
Vincent Kompany,85,defence,2.71917982819452
Toby Alderweireld,85,defence,2.71917982819452
Joshua Kimmich,85,defence,2.71917982819452
David Alaba,85,defence,2.71917982819452
Miranda,85,defence,2.71917982819452
Milan Škriniar,85,defence,2.71917982819452
Kostas Manolas,85,defence,2.71917982819452
Filipe Luís,85,defence,2.71917982819452
Fabinho,85,attack,2.7137387612157
Raheem Sterling,85,attack,2.7137387612157
Riyad Mahrez,85,attack,2.7137387612157
Franck Ribéry,85,attack,2.7137387612157
Arjen Robben,85,attack,2.7137387612157
Marco Reus,85,attack,2.7137387612157
Radja Nainggolan,85,attack,2.7137387612157
Blaise Matuidi,85,attack,2.7137387612157
Sami Khedira,85,attack,2.7137387612157
Sergej Milinković-Savić,85,attack,2.7137387612157
Edin Džeko,85,attack,2.7137387612157
Nabil Fekir,85,attack,2.7137387612157
Falcao,85,attack,2.7137387612157
Diego Costa,85,attack,2.7137387612157
Koke,85,attack,2.7137387612157
Saúl,85,attack,2.7137387612157
Arturo Vidal,85,attack,2.7137387612157
Marco Asensio,85,attack,2.7137387612157
Iago Aspas,85,attack,2.7137387612157
Sokratis,84,defence,2.26221405573109
Kyle Walker,84,defence,2.26221405573109
Davinson Sánchez,84,defence,2.26221405573109
Niklas Süle,84,defence,2.26221405573109
Stefan de Vrij,84,defence,2.26221405573109
Andrea Barzagli,84,defence,2.26221405573109
Raúl Albiol,84,defence,2.26221405573109
Marquinhos,84,defence,2.26221405573109
José María Giménez,84,defence,2.26221405573109
Sergi Roberto,84,defence,2.26221405573109
Carvajal,84,defence,2.26221405573109
Alexandre Lacazette,84,attack,2.20612413337177
Henrikh Mkhitaryan,84,attack,2.20612413337177
Willian,84,attack,2.20612413337177
Jorginho,84,attack,2.20612413337177
Cesc Fàbregas,84,attack,2.20612413337177
Heung Min Son,84,attack,2.20612413337177
Dele Alli,84,attack,2.20612413337177
Moussa Dembélé,84,attack,2.20612413337177
Alejandro Gómez,84,attack,2.20612413337177
Mario Mandžukić,84,attack,2.20612413337177
José Callejón,84,attack,2.20612413337177
Ángel Di María,84,attack,2.20612413337177
Florian Thauvin,84,attack,2.20612413337177
Dimitri Payet,84,attack,2.20612413337177
Karim Benzema,84,attack,2.20612413337177
William Carvalho,84,attack,2.20612413337177
Illarramendi,84,attack,2.20612413337177
Rodrigo,84,attack,2.20612413337177
David Luiz,83,defence,1.84007912931124
Aymeric Laporte,83,defence,1.84007912931124
Jonathan Tah,83,defence,1.84007912931124
Lucas Leiva,83,defence,1.84007912931124
Kamil Glik,83,defence,1.84007912931124
Presnel Kimpembe,83,defence,1.84007912931124
Luiz Gustavo,83,defence,1.84007912931124
Stefan Savić,83,defence,1.84007912931124
Nacho Fernández,83,defence,1.84007912931124
Mateo KovačićL,83,attack,1.73833163732308
Morata,83,attack,1.73833163732308
Naby Keïta,83,attack,1.73833163732308
Anthony Martial,83,attack,1.73833163732308
Juan Mata,83,attack,1.73833163732308
Leon Goretzka,83,attack,1.73833163732308
Shinji Kagawa,83,attack,1.73833163732308
Samu Castillejo,83,attack,1.73833163732308
Daniele De Rossi,83,attack,1.73833163732308
Kevin Strootman,83,attack,1.73833163732308
Memphis Depay,83,attack,1.73833163732308
Mario Balotelli,83,attack,1.73833163732308
Adrien Rabiot,83,attack,1.73833163732308
Julian Draxler,83,attack,1.73833163732308
Thomas Lemar,83,attack,1.73833163732308
Malcom,83,attack,1.73833163732308
Aduriz,83,attack,1.73833163732308
Willian José,83,attack,1.73833163732308
Éver Banega,83,attack,1.73833163732308
Manu Trigueros,83,attack,1.73833163732308
Gerard Moreno,83,attack,1.73833163732308
Timo Werner,83,attack,1.73833163732308
Laurent Koscielny,82,defence,1.45187562187495
Shkodran Mustafi,82,defence,1.45187562187495
Andreas Christensen,82,defence,1.45187562187495
Marcos Alonso,82,defence,1.45187562187495
John Stones,82,defence,1.45187562187495
Antonio Valencia,82,defence,1.45187562187495
Eric Bailly,82,defence,1.45187562187495
Kieran Trippier,82,defence,1.45187562187495
Ömer Toprak,82,defence,1.45187562187495
Lars Bender,82,defence,1.45187562187495
Francesco Acerbi,82,defence,1.45187562187495
Alessio Romagnoli,82,defence,1.45187562187495
Federico Fazio,82,defence,1.45187562187495
Aleksandar Kolarov,82,defence,1.45187562187495
Marcano,82,defence,1.45187562187495
Alessandro Florenzi,82,defence,1.45187562187495
Thomas Meunier,82,defence,1.45187562187495
Dani Alves,82,defence,1.45187562187495
Harry Maguire,82,defence,1.45187562187495
Adil Rami,82,defence,1.45187562187495
Thomas Partey,82,defence,1.45187562187495
Clément Lenglet,82,defence,1.45187562187495
Bartra,82,defence,1.45187562187495
Ezequiel Garay,82,defence,1.45187562187495
Gabriel Paulista,82,defence,1.45187562187495
Víctor Ruiz,82,defence,1.45187562187495
Aaron Ramsey,82,attack,1.3091444611243
Gylfi Sigurðsson,82,attack,1.3091444611243
Idrissa Gueye,82,attack,1.3091444611243
Jordan Henderson,82,attack,1.3091444611243
Georginio Wijnaldum,82,attack,1.3091444611243
Ander Herrera,82,attack,1.3091444611243
Lucas,82,attack,1.3091444611243
Felipe Anderson,82,attack,1.3091444611243
Marko Arnautović,82,attack,1.3091444611243
Mario Götze,82,attack,1.3091444611243
Axel Witsel,82,attack,1.3091444611243
Julian Brandt,82,attack,1.3091444611243
Leon Bailey,82,attack,1.3091444611243
Max Kruse,82,attack,1.3091444611243
Marco Parolo,82,attack,1.3091444611243
Luis Alberto,82,attack,1.3091444611243
Giacomo Bonaventura,82,attack,1.3091444611243
Suso,82,attack,1.3091444611243
Lucas Biglia,82,attack,1.3091444611243
Allan,82,attack,1.3091444611243
Javier Pastore,82,attack,1.3091444611243
Steven Nzonzi,82,attack,1.3091444611243
Simone ZazaL,82,attack,1.3091444611243
Andrea Belotti,82,attack,1.3091444611243
Jamie Vardy,82,attack,1.3091444611243
Jean Michaël Seri,82,attack,1.3091444611243
Rodri,82,attack,1.3091444611243
Gelson Martins,82,attack,1.3091444611243
Dani García,82,attack,1.3091444611243
Andrés Guardado,82,attack,1.3091444611243
Joaquín,82,attack,1.3091444611243
Geoffrey Kondogbia,82,attack,1.3091444611243
Daniel Wass,82,attack,1.3091444611243
Franco Vázquez,82,attack,1.3091444611243
Carlos Bacca,82,attack,1.3091444611243
Wilfried Zaha,82,attack,1.3091444611243
Andrej Kramarić,82,attack,1.3091444611243
Kevin Kampl,82,attack,1.3091444611243
Emil Forsberg,82,attack,1.3091444611243
Antonio Rüdiger,81,defence,1.09664787081729
Andrew Robertson,81,defence,1.09664787081729
Dejan Lovren,81,defence,1.09664787081729
James Milner,81,defence,1.09664787081729
Joel Matip,81,defence,1.09664787081729
Chris Smalling,81,defence,1.09664787081729
Ben Davies,81,defence,1.09664787081729
Łukasz Piszczek,81,defence,1.09664787081729
Sven Bender,81,defence,1.09664787081729
Matija Nastasić,81,defence,1.09664787081729
Salif Sané,81,defence,1.09664787081729
Šime VrsaljkoL,81,defence,1.09664787081729
Elseid Hysaj,81,defence,1.09664787081729
Faouzi Ghoulam,81,defence,1.09664787081729
Marcelo,81,defence,1.09664787081729
Ricardo Pereira,81,defence,1.09664787081729
Jeison MurilloL,81,defence,1.09664787081729
Pablo Sarabia,81,defence,1.09664787081729
Domenico Criscito,81,defence,1.09664787081729
Granit Xhaka,81,attack,0.917306856779641
Manuel Lanzini,81,attack,0.917306856779641
Christoph Kramer,81,attack,0.917306856779641
Thorgan Hazard,81,attack,0.917306856779641
Raffael,81,attack,0.917306856779641
Lars Stindl,81,attack,0.917306856779641
Charles Aránguiz,81,attack,0.917306856779641
Kevin Volland,81,attack,0.917306856779641
Mario Gómez,81,attack,0.917306856779641
Josip Iličić,81,attack,0.917306856779641
Antonio Candreva,81,attack,0.917306856779641
Borja Valero,81,attack,0.917306856779641
João Mário,81,attack,0.917306856779641
Simone Verdi,81,attack,0.917306856779641
Fabián,81,attack,0.917306856779641
Stephan El Shaarawy,81,attack,0.917306856779641
Diego Perotti,81,attack,0.917306856779641
Iborra,81,attack,0.917306856779641
João Moutinho,81,attack,0.917306856779641
Raúl García,81,attack,0.917306856779641
Williams,81,attack,0.917306856779641
Kévin Gameiro,81,attack,0.917306856779641
Michy BatshuayiL,81,attack,0.917306856779641
Pedro León,81,attack,0.917306856779641
Wissam Ben Yedder,81,attack,0.917306856779641
Pablo Fornals,81,attack,0.917306856779641
Bruno,81,attack,0.917306856779641
Abdoulaye Doucouré,81,attack,0.917306856779641
Deulofeu,81,attack,0.917306856779641
Morales,81,attack,0.917306856779641
Kevin-Prince Boateng,81,attack,0.917306856779641
Marcel Sabitzer,81,attack,0.917306856779641
Héctor Bellerín,80,defence,0.773389371570796
Stephan Lichtsteiner,80,defence,0.773389371570796
Séamus Coleman,80,defence,0.773389371570796
Marcos Rojo,80,defence,0.773389371570796
Ashley Young,80,defence,0.773389371570796
Jannik Vestergaard,80,defence,0.773389371570796
Fabián Balbuena,80,defence,0.773389371570796
Matthias Ginter,80,defence,0.773389371570796
Daniel Caligiuri,80,defence,0.773389371570796
Benjamin Pavard,80,defence,0.773389371570796
Ştefan Radu,80,defence,0.773389371570796
Ricardo Rodríguez,80,defence,0.773389371570796
Mateo Musacchio,80,defence,0.773389371570796
Mattia Caldara,80,defence,0.773389371570796
Nicolas Nkoulou,80,defence,0.773389371570796
Djibril Sidibé,80,defence,0.773389371570796
Dante,80,defence,0.773389371570796
John Brooks,80,defence,0.773389371570796
Camacho,80,defence,0.773389371570796
Zouhair Feddal,80,defence,0.773389371570796
Hugo Mallo,80,defence,0.773389371570796
Mario Gaspar,80,defence,0.773389371570796
James Tarkowski,80,defence,0.773389371570796
Ben Mee,80,defence,0.773389371570796
Mamadou Sakho,80,defence,0.773389371570796
Loïc Perrin,80,defence,0.773389371570796
Antunes,80,defence,0.773389371570796
Kevin Vogt,80,defence,0.773389371570796
André GomesL,80,attack,0.561528951000403
Bernard,80,attack,0.561528951000403
Cenk Tosun,80,attack,0.561528951000403
Erik Lamela,80,attack,0.561528951000403
Andriy Yarmolenko,80,attack,0.561528951000403
Jack Wilshere,80,attack,0.561528951000403
Julian Weigl,80,attack,0.561528951000403
Alassane Pléa,80,attack,0.561528951000403
Karim Bellarabi,80,attack,0.561528951000403
Mark Uth,80,attack,0.561528951000403
Daniel Didavi,80,attack,0.561528951000403
Matias Vecino,80,attack,0.561528951000403
Milan Badelj,80,attack,0.561528951000403
Tiémoué BakayokoL,80,attack,0.561528951000403
Hakan Çalhanoğlu,80,attack,0.561528951000403
Iago Falqué,80,attack,0.561528951000403
Adem Ljajić,80,attack,0.561528951000403
Mariano,80,attack,0.561528951000403
Rony Lopes,80,attack,0.561528951000403
Stevan Jovetić,80,attack,0.561528951000403
Wilfred Ndidi,80,attack,0.561528951000403
Valter Birsa,80,attack,0.561528951000403
Morgan Sanson,80,attack,0.561528951000403
Susaeta,80,attack,0.561528951000403
Beñat,80,attack,0.561528951000403
Muniain,80,attack,0.561528951000403
Cristian Tello,80,attack,0.561528951000403
Takashi Inui,80,attack,0.561528951000403
Ryad Boudebouz,80,attack,0.561528951000403
Maximiliano Gómez,80,attack,0.561528951000403
Oyarzabal,80,attack,0.561528951000403
Carlos Soler,80,attack,0.561528951000403
Sergi Enrich,80,attack,0.561528951000403
Kike García,80,attack,0.561528951000403
Nolito,80,attack,0.561528951000403
Luis Muriel,80,attack,0.561528951000403
Santi Cazorla,80,attack,0.561528951000403
Karl Toko-Ekambi,80,attack,0.561528951000403
Steven Defour,80,attack,0.561528951000403
Fabio Quagliarella,80,attack,0.561528951000403
Ángel,80,attack,0.561528951000403
Kerem Demirbay,80,attack,0.561528951000403
Portu,80,attack,0.561528951000403
Cristhian Stuani,80,attack,0.561528951000403
Leighton Baines,79,defence,0.481046766953061
Michael Keane,79,defence,0.481046766953061
Ryan Bertrand,79,defence,0.481046766953061
Holger Badstuber,79,defence,0.481046766953061
Andrea Masiello,79,defence,0.481046766953061
Kwadwo Asamoah,79,defence,0.481046766953061
Rafael,79,defence,0.481046766953061
Jemerson,79,defence,0.481046766953061
JonnyL,79,defence,0.481046766953061
Karim Rekik,79,defence,0.481046766953061
Jean-Philippe Gbamin,79,defence,0.481046766953061
De Marcos,79,defence,0.481046766953061
Iñigo Martínez,79,defence,0.481046766953061
Sidnei,79,defence,0.481046766953061
Aïssa Mandi,79,defence,0.481046766953061
David López,79,defence,0.481046766953061
Francis Coquelin,79,defence,0.481046766953061
Gayà,79,defence,0.481046766953061
Gabriel Mercado,79,defence,0.481046766953061
Simon Kjær,79,defence,0.481046766953061
Escudero,79,defence,0.481046766953061
Álvaro,79,defence,0.481046766953061
Jaume Costa,79,defence,0.481046766953061
David Abraham,79,defence,0.481046766953061
Nathan Aké,79,defence,0.481046766953061
Benjamin Hübner,79,defence,0.481046766953061
Pavel Kadeřábek,79,defence,0.481046766953061
Jeffrey Gouweleeuw,79,defence,0.481046766953061
Germán Pezzella,79,defence,0.481046766953061
Willi Orban,79,defence,0.481046766953061
Theo Walcott,79,attack,0.24048980920652
Morgan Schneiderlin,79,attack,0.24048980920652
Mohamed Elyounoussi,79,attack,0.24048980920652
Javier Hernández,79,attack,0.24048980920652
Lucas Pérez,79,attack,0.24048980920652
Nuri Şahin,79,attack,0.24048980920652
Christian Pulisic,79,attack,0.24048980920652
Ibrahima Traoré,79,attack,0.24048980920652
Nils Petersen,79,attack,0.24048980920652
Kai Havertz,79,attack,0.24048980920652
Lucas Alario,79,attack,0.24048980920652
Guido Burgstaller,79,attack,0.24048980920652
Yevhen Konoplyanka,79,attack,0.24048980920652
Omar Mascarell,79,attack,0.24048980920652
Nabil Bentaleb,79,attack,0.24048980920652
Davy Klaassen,79,attack,0.24048980920652
Daniele Baselli,79,attack,0.24048980920652
Lucas Tousart,79,attack,0.24048980920652
Bertrand Traoré,79,attack,0.24048980920652
Youri Tielemans,79,attack,0.24048980920652
Alexandr Golovin,79,attack,0.24048980920652
Adrien Silva,79,attack,0.24048980920652
Rúben Neves,79,attack,0.24048980920652
Tom Cairney,79,attack,0.24048980920652
Salomon Kalou,79,attack,0.24048980920652
Josuha Guilavogui,79,attack,0.24048980920652
Yunus Mallı,79,attack,0.24048980920652
Canales,79,attack,0.24048980920652
Pablo Piatti,79,attack,0.24048980920652
Leo Baptistao,79,attack,0.24048980920652
Sergi Darder,79,attack,0.24048980920652
Ibai Gómez,79,attack,0.24048980920652
John Guidetti,79,attack,0.24048980920652
Charles,79,attack,0.24048980920652
Fabián Orellana,79,attack,0.24048980920652
Roque Mesa,79,attack,0.24048980920652
Roberto Pereyra,79,attack,0.24048980920652
Jack Cork,79,attack,0.24048980920652
Jóhann Berg Guðmundsson,79,attack,0.24048980920652
Max Meyer,79,attack,0.24048980920652
Luka Milivojević,79,attack,0.24048980920652
Yann M'Vila,79,attack,0.24048980920652
Ante Rebić,79,attack,0.24048980920652
Gastón Ramírez,79,attack,0.24048980920652
Campaña,79,attack,0.24048980920652
Aaron Mooy,79,attack,0.24048980920652
Jefferson Lerma,79,attack,0.24048980920652
Leonardo Bittencourt,79,attack,0.24048980920652
Daniel Baier,79,attack,0.24048980920652
Michael Gregoritsch,79,attack,0.24048980920652
Granell,79,attack,0.24048980920652
Borja García,79,attack,0.24048980920652
Diego Demme,79,attack,0.24048980920652
Bruma,79,attack,0.24048980920652
Kurt ZoumaL,78,defence,0.218522403261306
Lucas Digne,78,defence,0.218522403261306
Jamaal Lascelles,78,defence,0.218522403261306
Florian Lejeune,78,defence,0.218522403261306
Angelo Ogbonna,78,defence,0.218522403261306
Manuel Akanji,78,defence,0.218522403261306
Raphaël Guerreiro,78,defence,0.218522403261306
Abdou Diallo,78,defence,0.218522403261306
Wendell,78,defence,0.218522403261306
Mitchell Weiser,78,defence,0.218522403261306
Benjamin Stambouli,78,defence,0.218522403261306
Pablo Maffeo,78,defence,0.218522403261306
Niklas Moisander,78,defence,0.218522403261306
Rafael Tolói,78,defence,0.218522403261306
Bastos,78,defence,0.218522403261306
Adam Marušić,78,defence,0.218522403261306
Ignazio Abate,78,defence,0.218522403261306
Vlad Chiricheş,78,defence,0.218522403261306
Cristian AnsaldiL,78,defence,0.218522403261306
José Fonte,78,defence,0.218522403261306
Kenny Tete,78,defence,0.218522403261306
Hilton,78,defence,0.218522403261306
Diego Carlos,78,defence,0.218522403261306
Damien Da Silva,78,defence,0.218522403261306
Jonny Evans,78,defence,0.218522403261306
Leander DendonckerL,78,defence,0.218522403261306
Niklas Stark,78,defence,0.218522403261306
Marvin Plattenhardt,78,defence,0.218522403261306
Jérôme Roussillon,78,defence,0.218522403261306
Sebastian De Maio,78,defence,0.218522403261306
Hiroki Sakai,78,defence,0.218522403261306
Capa,78,defence,0.218522403261306
Javi García,78,defence,0.218522403261306
Paulo Oliveira,78,defence,0.218522403261306
Arbilla,78,defence,0.218522403261306
Nicolás Pareja,78,defence,0.218522403261306
Miguel Layún,78,defence,0.218522403261306
Christian Kabasele,78,defence,0.218522403261306
Matthew Lowton,78,defence,0.218522403261306
James Tomkins,78,defence,0.218522403261306
Neven Subotić,78,defence,0.218522403261306
Mathieu Debuchy,78,defence,0.218522403261306
Coke,78,defence,0.218522403261306
Christopher Schindler,78,defence,0.218522403261306
Nico Schulz,78,defence,0.218522403261306
Philipp Max,78,defence,0.218522403261306
Johan Mojica,78,defence,0.218522403261306
Marcel Halstenberg,78,defence,0.218522403261306
De Gea,91,goalkeeper,0.187262637948075
Manuel Neuer,90,goalkeeper,0.166741728110824
Jan Oblak,90,goalkeeper,0.166741728110824
Thibaut Courtois,90,goalkeeper,0.166741728110824
Marc-André ter Stegen,89,goalkeeper,0.146844061258443
Hugo Lloris,88,goalkeeper,0.127667523138723
Samir Handanovič,88,goalkeeper,0.127667523138723
Gianluigi Buffon,88,goalkeeper,0.127667523138723
Ederson,86,goalkeeper,0.0917922187161011
Alisson,85,goalkeeper,0.0752152798189727
Bernd Leno,84,goalkeeper,0.059605318471047
Lukáš Hrádecký,84,goalkeeper,0.059605318471047
Mattia Perin,84,goalkeeper,0.059605318471047
Anthony Lopes,84,goalkeeper,0.059605318471047
Kasper Schmeichel,84,goalkeeper,0.059605318471047
Neto,84,goalkeeper,0.059605318471047
Sergio Asenjo,84,goalkeeper,0.059605318471047
Stéphane Ruffier,84,goalkeeper,0.059605318471047
Kepa,83,goalkeeper,0.0449927957643311
Jordan Pickford,83,goalkeeper,0.0449927957643311
Ralf Fährmann,83,goalkeeper,0.0449927957643311
Pepe Reina,83,goalkeeper,0.0449927957643311
Danijel Subašić,83,goalkeeper,0.0449927957643311
Rui Patrício,83,goalkeeper,0.0449927957643311
Steve Mandanda,83,goalkeeper,0.0449927957643311
Oliver Baumann,83,goalkeeper,0.0449927957643311
Yann Sommer,82,goalkeeper,0.0313978798245543
Jiří Pavlenka,82,goalkeeper,0.0313978798245543
Salvatore Sirigu,82,goalkeeper,0.0313978798245543
Rune Almenning Jarstein,82,goalkeeper,0.0313978798245543
Koen Casteels,82,goalkeeper,0.0313978798245543
Pau López,82,goalkeeper,0.0313978798245543
Andrea Consigli,82,goalkeeper,0.0313978798245543
Roman Bürki,81,goalkeeper,0.0188314056999573
Benjamin Lecomte,81,goalkeeper,0.0188314056999573
Gerónimo Rulli,81,goalkeeper,0.0188314056999573
Guaita,81,goalkeeper,0.0188314056999573
Łukasz Fabiański,80,goalkeeper,0.00729575754997143
Thomas Strakosha,80,goalkeeper,0.00729575754997143
Antonio Mirante,80,goalkeeper,0.00729575754997143
Fabricio,80,goalkeeper,0.00729575754997143
Stefano Sorrentino,80,goalkeeper,0.00729575754997143
Diego López,80,goalkeeper,0.00729575754997143
Nick Pope,80,goalkeeper,0.00729575754997143
Ron-Robert Zieler,79,goalkeeper,-0.00321433608538655
Orestis Karnezis,79,goalkeeper,-0.00321433608538655
René Adler,79,goalkeeper,-0.00321433608538655
Pacheco,79,goalkeeper,-0.00321433608538655
Marko Dmitrović,79,goalkeeper,-0.00321433608538655
Asmir Begović,79,goalkeeper,-0.00321433608538655
Péter Gulácsi,79,goalkeeper,-0.00321433608538655
Etrit Berisha,78,goalkeeper,-0.0127111004710031
Benoît Costil,78,goalkeeper,-0.0127111004710031
Ciprian Tătăruşanu,78,goalkeeper,-0.0127111004710031
Tomáš Koubek,78,goalkeeper,-0.0127111004710031
Herrerín,78,goalkeeper,-0.0127111004710031
Sergio,78,goalkeeper,-0.0127111004710031
Tomáš Vaclík,78,goalkeeper,-0.0127111004710031
Mathew Ryan,78,goalkeeper,-0.0127111004710031
Baptiste Reynet,78,goalkeeper,-0.0127111004710031
David Soria,78,goalkeeper,-0.0127111004710031
Marco SportielloL,78,goalkeeper,-0.0127111004710031
Cédric,77,defence,-0.0153245890328563
Carlos Sánchez,77,defence,-0.0153245890328563
Winston Reid,77,defence,-0.0153245890328563
Nico Elvedi,77,defence,-0.0153245890328563
Michael Lang,77,defence,-0.0153245890328563
Dominique Heintz,77,defence,-0.0153245890328563
Ludwig Augustinsson,77,defence,-0.0153245890328563
Lorenzo De Silvestri,77,defence,-0.0153245890328563
Youssouf Sabaly,77,defence,-0.0153245890328563
Christophe Kerbrat,77,defence,-0.0153245890328563
Jérémy Morel,77,defence,-0.0153245890328563
Ferland Mendy,77,defence,-0.0153245890328563
Ruben Aguilar,77,defence,-0.0153245890328563
Pedro Mendes,77,defence,-0.0153245890328563
Nicolas Pallois,77,defence,-0.0153245890328563
Arnaud Souquet,77,defence,-0.0153245890328563
Aarón MartínL,77,defence,-0.0153245890328563
Giancarlo González,77,defence,-0.0153245890328563
DaniloL,77,defence,-0.0153245890328563
Ivan Radovanović,77,defence,-0.0153245890328563
Jordan Amavi,77,defence,-0.0153245890328563
Bouna Sarr,77,defence,-0.0153245890328563
Yuri Berchiche,77,defence,-0.0153245890328563
Yeray,77,defence,-0.0153245890328563
Gustavo Cabral,77,defence,-0.0153245890328563
Okay Yokuşlu,77,defence,-0.0153245890328563
Victor Sánchez,77,defence,-0.0153245890328563
Iván Ramis,77,defence,-0.0153245890328563
Rubén Peña,77,defence,-0.0153245890328563
Cote,77,defence,-0.0153245890328563
Waldemar Anton,77,defence,-0.0153245890328563
Jose Holebas,77,defence,-0.0153245890328563
Daryl Janmaat,77,defence,-0.0153245890328563
Robbie Brady,77,defence,-0.0153245890328563
Montoya,77,defence,-0.0153245890328563
Lewis Dunk,77,defence,-0.0153245890328563
Makoto Hasebe,77,defence,-0.0153245890328563
Timmy Chandler,77,defence,-0.0153245890328563
Lorenzo TonelliL,77,defence,-0.0153245890328563
Ragnar Klavan,77,defence,-0.0153245890328563
Damián Suárez,77,defence,-0.0153245890328563
Dakonam Djené,77,defence,-0.0153245890328563
Bruno,77,defence,-0.0153245890328563
Mathias Jørgensen,77,defence,-0.0153245890328563
Steve Cook,77,defence,-0.0153245890328563
Martin Hinteregger,77,defence,-0.0153245890328563
Juanpe,77,defence,-0.0153245890328563
Bernardo Espinosa,77,defence,-0.0153245890328563
Lisandro LópezL,77,defence,-0.0153245890328563
Nordi Mukiele,77,defence,-0.0153245890328563
Martin Dúbravka,77,goalkeeper,-0.0212131110748302
Alex McCarthy,77,goalkeeper,-0.0212131110748302
Alexander Schwolow,77,goalkeeper,-0.0212131110748302
Ben Foster,77,goalkeeper,-0.0212131110748302
Régis Gurtner,77,goalkeeper,-0.0212131110748302
Yassine Bounou,77,goalkeeper,-0.0212131110748302
Alban Lafont,77,goalkeeper,-0.0212131110748302
Federico Marchetti,77,goalkeeper,-0.0212131110748302
Vincent Enyeama,76,goalkeeper,-0.028744792162
Walter Benítez,76,goalkeeper,-0.028744792162
Łukasz Skorupski,76,goalkeeper,-0.028744792162
Philipp Tschauner,76,goalkeeper,-0.028744792162
Serantes,76,goalkeeper,-0.028744792162
Karl-Johan Johnsson,75,goalkeeper,-0.0353360219856498
Matz Sels,75,goalkeeper,-0.0353360219856498
Ludovic Butelle,75,goalkeeper,-0.0353360219856498
Frederik Rønnow,75,goalkeeper,-0.0353360219856498
Alessio Cragno,75,goalkeeper,-0.0353360219856498
Oier,75,goalkeeper,-0.0353360219856498
Jonas Lössl,75,goalkeeper,-0.0353360219856498
Alfred Gomis,75,goalkeeper,-0.0353360219856498
Luigi SepeL,74,goalkeeper,-0.0410218509479506
Juan Musso,74,goalkeeper,-0.0410218509479506
Jordi Masip,74,goalkeeper,-0.0410218509479506
Alberto,74,goalkeeper,-0.0410218509479506
Rafael,74,goalkeeper,-0.0410218509479506
Christian Mathenia,73,goalkeeper,-0.0458423433272543
Alex Smithies,73,goalkeeper,-0.0458423433272543
Michael Rensing,73,goalkeeper,-0.0458423433272543
Lucas Torreira,78,attack,-0.0471612237329822
Jonjo Shelvey,78,attack,-0.0471612237329822
Mario Lemina,78,attack,-0.0471612237329822
Oriol Romeu,78,attack,-0.0471612237329822
Jonas Hofmann,78,attack,-0.0471612237329822
Amine Harit,78,attack,-0.0471612237329822
Santiago Ascacíbar,78,attack,-0.0471612237329822
Gonzalo Castro,78,attack,-0.0471612237329822
Christian Gentner,78,attack,-0.0471612237329822
Emiliano Rigoni,78,attack,-0.0471612237329822
Duván ZapataL,78,attack,-0.0471612237329822
Roberto SorianoL,78,attack,-0.0471612237329822
Loïc Rémy,78,attack,-0.0471612237329822
Tanguy Ndombele,78,attack,-0.0471612237329822
Houssem Aouar,78,attack,-0.0471612237329822
Valentin Rongier,78,attack,-0.0471612237329822
Wylan Cyprien,78,attack,-0.0471612237329822
Allan Saint-Maximin,78,attack,-0.0471612237329822
Clément Grenier,78,attack,-0.0471612237329822
Raúl JiménezL,78,attack,-0.0471612237329822
Diogo Jota,78,attack,-0.0471612237329822
André SchürrleL,78,attack,-0.0471612237329822
Vladimír Darida,78,attack,-0.0471612237329822
Maximilian Arnold,78,attack,-0.0471612237329822
Fayçal Fajr,78,attack,-0.0471612237329822
Valère Germain,78,attack,-0.0471612237329822
Konstantinos Mitroglou,78,attack,-0.0471612237329822
Stanislav Lobotka,78,attack,-0.0471612237329822
Pione Sisto,78,attack,-0.0471612237329822
Granero,78,attack,-0.0471612237329822
Adnan Januzaj,78,attack,-0.0471612237329822
Manu García,78,attack,-0.0471612237329822
Gonzalo Escalante,78,attack,-0.0471612237329822
Niclas Füllkrug,78,attack,-0.0471612237329822
Chris Wood,78,attack,-0.0471612237329822
Christian Benteke,78,attack,-0.0471612237329822
Andros Townsend,78,attack,-0.0471612237329822
Alireza Jahanbakhsh,78,attack,-0.0471612237329822
Pascal Groß,78,attack,-0.0471612237329822
Rémy Cabella,78,attack,-0.0471612237329822
Wahbi Khazri,78,attack,-0.0471612237329822
Sébastien Haller,78,attack,-0.0471612237329822
Marco Fabián,78,attack,-0.0471612237329822
Riccardo SaponaraL,78,attack,-0.0471612237329822
Lucas Castro,78,attack,-0.0471612237329822
Leonardo Pavoletti,78,attack,-0.0471612237329822
Enis Bardhi,78,attack,-0.0471612237329822
Callum Wilson,78,attack,-0.0471612237329822
Joshua King,78,attack,-0.0471612237329822
Nadiem Amiri,78,attack,-0.0471612237329822
Alfreð Finnbogason,78,attack,-0.0471612237329822
Alexander Szymanowski,78,attack,-0.0471612237329822
Pere Pons,78,attack,-0.0471612237329822
Giovanni Simeone,78,attack,-0.0471612237329822
Kevin MirallasL,78,attack,-0.0471612237329822
Jordan Veretout,78,attack,-0.0471612237329822
Domenico Berardi,78,attack,-0.0471612237329822
Paul BernardoniL,72,goalkeeper,-0.0498425609898945
Edouard Mendy,72,goalkeeper,-0.0498425609898945
Andreas Luthe,72,goalkeeper,-0.0498425609898945
Axel WernerL,72,goalkeeper,-0.0498425609898945
Erwin Zelazny,71,goalkeeper,-0.0530727216659287
Ivan Provedel,70,goalkeeper,-0.0555885907766296
Rúnar Alex Rúnarsson,69,goalkeeper,-0.0574522183995626
DeAndre Yedlin,76,defence,-0.221678759651057
KenedyL,76,defence,-0.221678759651057
Ciaran Clark,76,defence,-0.221678759651057
Wesley Hoedt,76,defence,-0.221678759651057
Issa Diop,76,defence,-0.221678759651057
Oscar Wendt,76,defence,-0.221678759651057
Timo Baumgartl,76,defence,-0.221678759651057
Emiliano Insúa,76,defence,-0.221678759651057
Theodor Gebre Selassie,76,defence,-0.221678759651057
Sebastian Langkamp,76,defence,-0.221678759651057
Miloš Veljković,76,defence,-0.221678759651057
José Luis Palomino,76,defence,-0.221678759651057
Armando Izzo,76,defence,-0.221678759651057
Alex Berenguer,76,defence,-0.221678759651057
Christophe Hérelle,76,defence,-0.221678759651057
Kenny Lala,76,defence,-0.221678759651057
Filip Benković,76,defence,-0.221678759651057
Ben Chilwell,76,defence,-0.221678759651057
Willy Boly,76,defence,-0.221678759651057
Fabian Lustenberger,76,defence,-0.221678759651057
Peter Pekarík,76,defence,-0.221678759651057
Stefan Bell,76,defence,-0.221678759651057
Daniel Brosinski,76,defence,-0.221678759651057
Felix Uduokhai,76,defence,-0.221678759651057
Jeffrey Bruma,76,defence,-0.221678759651057
Luca RossettiniL,76,defence,-0.221678759651057
Paul BaysseL,76,defence,-0.221678759651057
Alexander Djiku,76,defence,-0.221678759651057
David Juncà,76,defence,-0.221678759651057
Diego Llorente,76,defence,-0.221678759651057
Héctor Moreno,76,defence,-0.221678759651057
Theo HernándezL,76,defence,-0.221678759651057
Laguardia,76,defence,-0.221678759651057
Jordi Amat,76,defence,-0.221678759651057
Romain Thomas,76,defence,-0.221678759651057
Matías Silvestre,76,defence,-0.221678759651057
Luca Antonelli,76,defence,-0.221678759651057
Kiko Femenía,76,defence,-0.221678759651057
Stephen Ward,76,defence,-0.221678759651057
Cheikhou Kouyaté,76,defence,-0.221678759651057
Scott Dann,76,defence,-0.221678759651057
Shane Duffy,76,defence,-0.221678759651057
Carlos Salcedo,76,defence,-0.221678759651057
Jetro Willems,76,defence,-0.221678759651057
Albin Ekdal,76,defence,-0.221678759651057
Terence Kongolo,76,defence,-0.221678759651057
Diego Rico,76,defence,-0.221678759651057
Steven Zuber,76,defence,-0.221678759651057
Timor,76,defence,-0.221678759651057
Vitor Hugo,76,defence,-0.221678759651057
Rômulo,76,defence,-0.221678759651057
Dayot Upamecano,76,defence,-0.221678759651057
Matt Ritchie,77,attack,-0.302804909465124
Salomón RondónL,77,attack,-0.302804909465124
Manolo Gabbiadini,77,attack,-0.302804909465124
Charlie Austin,77,attack,-0.302804909465124
James Ward-Prowse,77,attack,-0.302804909465124
Martin Harnik,77,attack,-0.302804909465124
Fin Bartels,77,attack,-0.302804909465124
Maximilian Eggestein,77,attack,-0.302804909465124
Joaquín Correa,77,attack,-0.302804909465124
Felipe Caicedo,77,attack,-0.302804909465124
Gervinho,77,attack,-0.302804909465124
Roberto IngleseL,77,attack,-0.302804909465124
M'Baye Niang,77,attack,-0.302804909465124
Antonín Barák,77,attack,-0.302804909465124
Kevin Lasagna,77,attack,-0.302804909465124
Jimmy Briand,77,attack,-0.302804909465124
Giovanni Sio,77,attack,-0.302804909465124
Emiliano Sala,77,attack,-0.302804909465124
Pierre Lees-Melou,77,attack,-0.302804909465124
Benjamin André,77,attack,-0.302804909465124
Benjamin Bourigeaud,77,attack,-0.302804909465124
Valentino Lazaro,77,attack,-0.302804909465124
Vedad Ibišević,77,attack,-0.302804909465124
Per Ciljan Skjelbred,77,attack,-0.302804909465124
Davie Selke,77,attack,-0.302804909465124
Danny Latza,77,attack,-0.302804909465124
Paul-Georges Ntep,77,attack,-0.302804909465124
Wout Weghorst,77,attack,-0.302804909465124
Erick Pulgar,77,attack,-0.302804909465124
Andrea Poli,77,attack,-0.302804909465124
Blerim Džemaili,77,attack,-0.302804909465124
Rodrigo Palacio,77,attack,-0.302804909465124
Emanuele Giaccherini,77,attack,-0.302804909465124
Perparim Hetemaj,77,attack,-0.302804909465124
Lucas Ocampos,77,attack,-0.302804909465124
Nemanja Radoja,77,attack,-0.302804909465124
Jozabed,77,attack,-0.302804909465124
Sofiane BoufalL,77,attack,-0.302804909465124
Hernán Pérez,77,attack,-0.302804909465124
Sergio García,77,attack,-0.302804909465124
David Zurutuza,77,attack,-0.302804909465124
Juanmi,77,attack,-0.302804909465124
Daniel Torres,77,attack,-0.302804909465124
Joan Jordán,77,attack,-0.302804909465124
Óscar Trejo,77,attack,-0.302804909465124
André SilvaL,77,attack,-0.302804909465124
Etienne Capoue,77,attack,-0.302804909465124
Troy Deeney,77,attack,-0.302804909465124
Ashley Barnes,77,attack,-0.302804909465124
Aaron Lennon,77,attack,-0.302804909465124
Jordan AyewL,77,attack,-0.302804909465124
Davy Pröpper,77,attack,-0.302804909465124
José Izquierdo,77,attack,-0.302804909465124
Florin Andone,77,attack,-0.302804909465124
Mathieu Dossevi,77,attack,-0.302804909465124
Max Gradel,77,attack,-0.302804909465124
Romain Hamouma,77,attack,-0.302804909465124
Nicolai Müller,77,attack,-0.302804909465124
Roger,77,attack,-0.302804909465124
Nikola Vukčević,77,attack,-0.302804909465124
Amath Ndiaye Diedhiou,77,attack,-0.302804909465124
Markel Bergara,77,attack,-0.302804909465124
Jorge Molina,77,attack,-0.302804909465124
Gaku Shibasaki,77,attack,-0.302804909465124
Lewis Cook,77,attack,-0.302804909465124
Jermain Defoe,77,attack,-0.302804909465124
Vincenzo Grifo,77,attack,-0.302804909465124
Caiuby,77,attack,-0.302804909465124
Marco Benassi,77,attack,-0.302804909465124
Federico Chiesa,77,attack,-0.302804909465124
Yussuf Poulsen,77,attack,-0.302804909465124
Maya Yoshida,75,defence,-0.401770464957565
Tobias Strobl,75,defence,-0.401770464957565
Christian Günter,75,defence,-0.401770464957565
Hans Hateboer,75,defence,-0.401770464957565
Pablo,75,defence,-0.401770464957565
Andrea Raggi,75,defence,-0.401770464957565
Antonio Barreca,75,defence,-0.401770464957565
Lucas Lima,75,defence,-0.401770464957565
Christophe Jallet,75,defence,-0.401770464957565
Ramy Bensebaini,75,defence,-0.401770464957565
Mexer,75,defence,-0.401770464957565
Calum ChambersL,75,defence,-0.401770464957565
Maxime Le Marchand,75,defence,-0.401770464957565
Joe Bryan,75,defence,-0.401770464957565
Ryan Sessegnon,75,defence,-0.401770464957565
Alfie Mawson,75,defence,-0.401770464957565
Filip Helander,75,defence,-0.401770464957565
Nenad Tomović,75,defence,-0.401770464957565
Frédéric Guilbert,75,defence,-0.401770464957565
Ghislain Konan,75,defence,-0.401770464957565
Facundo Roncaglia,75,defence,-0.401770464957565
Óscar Duarte,75,defence,-0.401770464957565
Javi López,75,defence,-0.401770464957565
Naldo,75,defence,-0.401770464957565
De la Bella,75,defence,-0.401770464957565
Raúl Navas,75,defence,-0.401770464957565
Martín,75,defence,-0.401770464957565
Rubén Duarte,75,defence,-0.401770464957565
Rodrigo Ely,75,defence,-0.401770464957565
Kevin WimmerL,75,defence,-0.401770464957565
Julian Korb,75,defence,-0.401770464957565
Matthias Ostrzolek,75,defence,-0.401770464957565
Ismaël Traoré,75,defence,-0.401770464957565
Sebastian Prödl,75,defence,-0.401770464957565
Patrick van Aanholt,75,defence,-0.401770464957565
Bernardo,75,defence,-0.401770464957565
Leon Balogun,75,defence,-0.401770464957565
Christopher Jullien,75,defence,-0.401770464957565
Kelvin Amian,75,defence,-0.401770464957565
Prince-Désir Gouano,75,defence,-0.401770464957565
Omar Colley,75,defence,-0.401770464957565
Erick Cabaco,75,defence,-0.401770464957565
Toño García,75,defence,-0.401770464957565
Postigo,75,defence,-0.401770464957565
Erik Durm,75,defence,-0.401770464957565
Adam Smith,75,defence,-0.401770464957565
Simon Francis,75,defence,-0.401770464957565
Souleymane Bamba,75,defence,-0.401770464957565
Konstantinos Stafylidis,75,defence,-0.401770464957565
Bustinza,75,defence,-0.401770464957565
Alcalá,75,defence,-0.401770464957565
Cristiano Biraghi,75,defence,-0.401770464957565
Ervin Zukanović,75,defence,-0.401770464957565
Nicolás Spolli,75,defence,-0.401770464957565
Kaan Ayhan,75,defence,-0.401770464957565
InsuaL,75,defence,-0.401770464957565
Rúben SemedoL,75,defence,-0.401770464957565
Luisinho,75,defence,-0.401770464957565
Gian Marco Ferrari,75,defence,-0.401770464957565
Mauricio LemosL,75,defence,-0.401770464957565
Marlon Santos,75,defence,-0.401770464957565
Konrad Laimer,75,defence,-0.401770464957565
Felipe,75,defence,-0.401770464957565
Ayoze Pérez,76,attack,-0.527854275105366
Yoshinori Mutō,76,attack,-0.527854275105366
Ki Sung Yueng,76,attack,-0.527854275105366
Danny IngsL,76,attack,-0.527854275105366
Yoric Ravet,76,attack,-0.527854275105366
Breel Embolo,76,attack,-0.527854275105366
Milot Rashica,76,attack,-0.527854275105366
Florian Kainz,76,attack,-0.527854275105366
Remo Freuler,76,attack,-0.527854275105366
Mario PašalićL,76,attack,-0.527854275105366
Marten de Roon,76,attack,-0.527854275105366
Łukasz Teodorczyk,76,attack,-0.527854275105366
Valon Behrami,76,attack,-0.527854275105366
Younousse Sankharé,76,attack,-0.527854275105366
Yannis Salibur,76,attack,-0.527854275105366
Nolan Roux,76,attack,-0.527854275105366
Ronny Rodelin,76,attack,-0.527854275105366
Thiago Mendes,76,attack,-0.527854275105366
Jean-Eudes Aholou,76,attack,-0.527854275105366
Ellyes Skhiri,76,attack,-0.527854275105366
Paul Lasne,76,attack,-0.527854275105366
Lucas Evangelista,76,attack,-0.527854275105366
Danilo,76,attack,-0.527854275105366
Ismaïla Sarr,76,attack,-0.527854275105366
Dimitri Liénard,76,attack,-0.527854275105366
Marc Albrighton,76,attack,-0.527854275105366
Demarai Gray,76,attack,-0.527854275105366
Shinji Okazaki,76,attack,-0.527854275105366
Aleksandar Mitrović,76,attack,-0.527854275105366
Luciano ViettoL,76,attack,-0.527854275105366
Pablo De Blasis,76,attack,-0.527854275105366
Daniel Ginczek,76,attack,-0.527854275105366
Felix Klaus,76,attack,-0.527854275105366
Mattia Destro,76,attack,-0.527854275105366
Godfred Donsah,76,attack,-0.527854275105366
Borja Iglesias,76,attack,-0.527854275105366
Tomás Pina,76,attack,-0.527854275105366
Rubén Sobrino,76,attack,-0.527854275105366
Embarba,76,attack,-0.527854275105366
Gaël Kakuta,76,attack,-0.527854275105366
Pirmin Schwegler,76,attack,-0.527854275105366
Ihlas Bebou,76,attack,-0.527854275105366
Genki Haraguchi,76,attack,-0.527854275105366
Thomas Mangani,76,attack,-0.527854275105366
Nathaniel Chalobah,76,attack,-0.527854275105366
Tom Cleverley,76,attack,-0.527854275105366
Sam Vokes,76,attack,-0.527854275105366
James McArthur,76,attack,-0.527854275105366
Dale Stephens,76,attack,-0.527854275105366
Glenn Murray,76,attack,-0.527854275105366
Thomas Monconduit,76,attack,-0.527854275105366
Moussa Konaté,76,attack,-0.527854275105366
Francisco GeraldesL,76,attack,-0.527854275105366
Karol Linetty,76,attack,-0.527854275105366
Jakub JanktoL,76,attack,-0.527854275105366
Gregoire DefrelL,76,attack,-0.527854275105366
Dennis Praet,76,attack,-0.527854275105366
Nicolò Barella,76,attack,-0.527854275105366
Emmanuel Boateng,76,attack,-0.527854275105366
Moses Simon,76,attack,-0.527854275105366
Mata,76,attack,-0.527854275105366
Iván Alejo,76,attack,-0.527854275105366
Jonathan Hogg,76,attack,-0.527854275105366
Steve Mounié,76,attack,-0.527854275105366
Andrew Surman,76,attack,-0.527854275105366
CamarasaL,76,attack,-0.527854275105366
Harry ArterL,76,attack,-0.527854275105366
Lukas Rupp,76,attack,-0.527854275105366
Ishak Belfodil,76,attack,-0.527854275105366
Koo Ja Cheol,76,attack,-0.527854275105366
Eraso,76,attack,-0.527854275105366
Gabriel,76,attack,-0.527854275105366
Nabil El Zhar,76,attack,-0.527854275105366
Valentin Eysseric,76,attack,-0.527854275105366
Cyril Théréau,76,attack,-0.527854275105366
Gianluca Lapadula,76,attack,-0.527854275105366
Iuri MedeirosL,76,attack,-0.527854275105366
Kwon Chang Hoon,76,attack,-0.527854275105366
Naïm Sliti,76,attack,-0.527854275105366
Serdar Gürler,76,attack,-0.527854275105366
Joel Campbell,76,attack,-0.527854275105366
Francesco Magnanelli,76,attack,-0.527854275105366
Federico Di Francesco,76,attack,-0.527854275105366
Khouma Babacar,76,attack,-0.527854275105366
Federico Viviani,76,attack,-0.527854275105366
Manuel Lazzari,76,attack,-0.527854275105366
Alberto Paloschi,76,attack,-0.527854275105366
Mirco Antenucci,76,attack,-0.527854275105366
Manuel Gulde,74,defence,-0.55687985027414
Bram Nuytinck,74,defence,-0.55687985027414
Molla Wagué,74,defence,-0.55687985027414
Pedro Rebocho,74,defence,-0.55687985027414
Jordan Ikoko,74,defence,-0.55687985027414
Adama Soumaoro,74,defence,-0.55687985027414
Edgar Ié,74,defence,-0.55687985027414
Daniel Congré,74,defence,-0.55687985027414
Malang Sarr,74,defence,-0.55687985027414
Ludovic Baal,74,defence,-0.55687985027414
Hamari Traoré,74,defence,-0.55687985027414
Stefan Mitrović,74,defence,-0.55687985027414
Matt Doherty,74,defence,-0.55687985027414
Romain Saïss,74,defence,-0.55687985027414
Alexander Hack,74,defence,-0.55687985027414
Georg Margreitter,74,defence,-0.55687985027414
Ewerton,74,defence,-0.55687985027414
Alaixys Romao,74,defence,-0.55687985027414
Ximo Navarro,74,defence,-0.55687985027414
Álex Moreno,74,defence,-0.55687985027414
Luis AdvínculaL,74,defence,-0.55687985027414
Emiliano Velázquez,74,defence,-0.55687985027414
Mateo Pavlović,74,defence,-0.55687985027414
Vincent Manceau,74,defence,-0.55687985027414
Emil KrafthL,74,defence,-0.55687985027414
Timothée KolodziejczakL,74,defence,-0.55687985027414
Marco Andreolli,74,defence,-0.55687985027414
Luna,74,defence,-0.55687985027414
Florent Hadergjonaj,74,defence,-0.55687985027414
Greg Cunningham,74,defence,-0.55687985027414
Sean Morrison,74,defence,-0.55687985027414
Bruno Ecuélé Manga,74,defence,-0.55687985027414
Jonathan Schmid,74,defence,-0.55687985027414
Allan NyomL,74,defence,-0.55687985027414
Jonathan SilvaL,74,defence,-0.55687985027414
JuanfranL,74,defence,-0.55687985027414
Vincent Laurini,74,defence,-0.55687985027414
Valentin Rosier,74,defence,-0.55687985027414
EtxeitaL,74,defence,-0.55687985027414
Edoardo GoldanigaL,74,defence,-0.55687985027414
Pol Lirola,74,defence,-0.55687985027414
Ali AdnanL,73,defence,-0.688343005267177
Marcello Gazzola,73,defence,-0.688343005267177
Samir,73,defence,-0.688343005267177
Thomas Heurtaux,73,defence,-0.688343005267177
Jens Stryger Larsen,73,defence,-0.688343005267177
Maxime Poundjé,73,defence,-0.688343005267177
Igor Lewczuk,73,defence,-0.688343005267177
Jules Koundé,73,defence,-0.688343005267177
Jérémy Sorbon,73,defence,-0.688343005267177
Ambroise Oyongo,73,defence,-0.688343005267177
Matt MiazgaL,73,defence,-0.688343005267177
Lamine KonéL,73,defence,-0.688343005267177
Tim Leibold,73,defence,-0.688343005267177
Robert BauerL,73,defence,-0.688343005267177
Ibrahima Mbaye,73,defence,-0.688343005267177
Federico Barba,73,defence,-0.688343005267177
Fabrizio Cacciatore,73,defence,-0.688343005267177
Romain Genevois,73,defence,-0.688343005267177
Abdoulaye Ba,73,defence,-0.688343005267177
Oliver Sorg,73,defence,-0.688343005267177
Manuel Pasqual,73,defence,-0.688343005267177
Bakaye Dibassy,73,defence,-0.688343005267177
Khaled Adénon,73,defence,-0.688343005267177
Bartosz Bereszyński,73,defence,-0.688343005267177
Ignasi Miquel,73,defence,-0.688343005267177
Raul García,73,defence,-0.688343005267177
Nikola Milenković,73,defence,-0.688343005267177
Fouad Chafik,73,defence,-0.688343005267177
Niko Gießelmann,73,defence,-0.688343005267177
Mohamed Diamé,75,attack,-0.723758656525105
Florian Niederlechner,75,attack,-0.723758656525105
Jérôme Gondorf,75,attack,-0.723758656525105
Erik Thommy,75,attack,-0.723758656525105
Alberto GrassiL,75,attack,-0.723758656525105
Rodrigo Javier De Paul,75,attack,-0.723758656525105
Seko Fofana,75,attack,-0.723758656525105
Felipe Vizeu,75,attack,-0.723758656525105
Lukas Lerager,75,attack,-0.723758656525105
Nicolas De Préville,75,attack,-0.723758656525105
François Kamano,75,attack,-0.723758656525105
Otávio,75,attack,-0.723758656525105
Marcus Coco,75,attack,-0.723758656525105
Nicolas Benezet,75,attack,-0.723758656525105
Lucas Deaux,75,attack,-0.723758656525105
Ludovic Blas,75,attack,-0.723758656525105
Nicolas Pépé,75,attack,-0.723758656525105
Thiago Maia,75,attack,-0.723758656525105
Yassine Benzia,75,attack,-0.723758656525105
Youssef Aït Bennasser,75,attack,-0.723758656525105
Gaëtan Laborde,75,attack,-0.723758656525105
Andy DelortL,75,attack,-0.723758656525105
Abdoulaye Touré,75,attack,-0.723758656525105
Gabriel BoschiliaL,75,attack,-0.723758656525105
Jonas Martin,75,attack,-0.723758656525105
Adama,75,attack,-0.723758656525105
Ivan Cavaleiro,75,attack,-0.723758656525105
Hélder Costa,75,attack,-0.723758656525105
Kevin McDonald,75,attack,-0.723758656525105
Stefan Johansen,75,attack,-0.723758656525105
Mathew Leckie,75,attack,-0.723758656525105
Hanno Behrens,75,attack,-0.723758656525105
Ladislav Krejčí,75,attack,-0.723758656525105
Maxime Lopez,75,attack,-0.723758656525105
Merino,75,attack,-0.723758656525105
KekoL,75,attack,-0.723758656525105
IviL,75,attack,-0.723758656525105
Borja BastónL,75,attack,-0.723758656525105
MedránL,75,attack,-0.723758656525105
Baptiste Santamaria,75,attack,-0.723758656525105
Pierrick Capelle,75,attack,-0.723758656525105
Francesco Caputo,75,attack,-0.723758656525105
Stéphane M'Bia,75,attack,-0.723758656525105
Ola Toivonen,75,attack,-0.723758656525105
Jimmy Durmaz,75,attack,-0.723758656525105
Bongani Zungu,75,attack,-0.723758656525105
Robert Berić,75,attack,-0.723758656525105
Ole Kristian Selnæs,75,attack,-0.723758656525105
Gelson Fernandes,75,attack,-0.723758656525105
Luka JovićL,75,attack,-0.723758656525105
Luca Cigarini,75,attack,-0.723758656525105
Laurent Depoitre,75,attack,-0.723758656525105
Ramadan Sobhi,75,attack,-0.723758656525105
Ryan Fraser,75,attack,-0.723758656525105
Junior Hoilett,75,attack,-0.723758656525105
Guido CarrilloL,75,attack,-0.723758656525105
Diego RolánL,75,attack,-0.723758656525105
Rubén Pérez,75,attack,-0.723758656525105
Goran Pandev,75,attack,-0.723758656525105
Sandro,75,attack,-0.723758656525105
Júlio Tavares,75,attack,-0.723758656525105
Romain Amalfitano,75,attack,-0.723758656525105
Yoann Gourcuff,75,attack,-0.723758656525105
Kevin Stöger,75,attack,-0.723758656525105
Melero,75,attack,-0.723758656525105
Juan Camilo HernándezL,75,attack,-0.723758656525105
Camillo Ciano,75,attack,-0.723758656525105
Manuel LocatelliL,75,attack,-0.723758656525105
Alfred Duncan,75,attack,-0.723758656525105
Simone Missiroli,75,attack,-0.723758656525105
Jasmin Kurtić,75,attack,-0.723758656525105
Andrea PetagnaL,75,attack,-0.723758656525105
Nicolas Höfler,72,defence,-0.79756081202444
Pascal Stenzel,72,defence,-0.79756081202444
Franck Tabanou,72,defence,-0.79756081202444
Pablo Martinez,72,defence,-0.79756081202444
Ismaël Diomandé,72,defence,-0.79756081202444
Romain Métanire,72,defence,-0.79756081202444
Kiko Olivas,72,defence,-0.79756081202444
Guitián,72,defence,-0.79756081202444
Domenico Maietta,72,defence,-0.79756081202444
Steeve Yago,72,defence,-0.79756081202444
Steven Moreira,72,defence,-0.79756081202444
François Moubandje,72,defence,-0.79756081202444
Oualid El Hajjam,72,defence,-0.79756081202444
Gabriel Silva,72,defence,-0.79756081202444
Nicola Murru,72,defence,-0.79756081202444
Fabio Pisacane,72,defence,-0.79756081202444
Luca Ceppitelli,72,defence,-0.79756081202444
André Hoffmann,72,defence,-0.79756081202444
Cristian Molinaro,72,defence,-0.79756081202444
Lorenzo Ariaudo,72,defence,-0.79756081202444
Federico Peluso,72,defence,-0.79756081202444
Johan Djourou,72,defence,-0.79756081202444
Thiago Cionek,72,defence,-0.79756081202444
Francesco Vicari,72,defence,-0.79756081202444
Bruno Alves,71,defence,-0.886011350665773
Fábio,71,defence,-0.886011350665773
Lionel Carole,71,defence,-0.886011350665773
Enrico Valentini,71,defence,-0.886011350665773
Anthony Briançon,71,defence,-0.886011350665773
Yunis Abdelhamid,71,defence,-0.886011350665773
Nacho,71,defence,-0.886011350665773
Antoñito,71,defence,-0.886011350665773
Yoann Andreu,71,defence,-0.886011350665773
Simone Padoin,71,defence,-0.886011350665773
Callum Paterson,71,defence,-0.886011350665773
Oussama Haddadi,71,defence,-0.886011350665773
Wesley Lautoa,71,defence,-0.886011350665773
Diego Contento,71,defence,-0.886011350665773
Jean Zimmer,71,defence,-0.886011350665773
Miramón,71,defence,-0.886011350665773
Marco Capuano,71,defence,-0.886011350665773
Luka Krajnc,71,defence,-0.886011350665773
Kevin BonifaziL,71,defence,-0.886011350665773
Janik Haberer,74,attack,-0.892009836034514
Jonathan Biabiany,74,attack,-0.892009836034514
Antonio Di Gaudio,74,attack,-0.892009836034514
Amato CicirettiL,74,attack,-0.892009836034514
Valentin Vada,74,attack,-0.892009836034514
Luiz Araújo,74,attack,-0.892009836034514
Anwar El Ghazi,74,attack,-0.892009836034514
Keagan Dolly,74,attack,-0.892009836034514
Majeed WarisL,74,attack,-0.892009836034514
Diafra Sakho,74,attack,-0.892009836034514
Adrien Thomasson,74,attack,-0.892009836034514
Robin Quaison,74,attack,-0.892009836034514
Levin Öztunalı,74,attack,-0.892009836034514
Nicola Rigoni,74,attack,-0.892009836034514
Riccardo Meggiorini,74,attack,-0.892009836034514
Joel Obi,74,attack,-0.892009836034514
Filip Đorđević,74,attack,-0.892009836034514
Enzo Crivelli,74,attack,-0.892009836034514
Suk Hyun Jun,74,attack,-0.892009836034514
Míchel,74,attack,-0.892009836034514
Pozo,74,attack,-0.892009836034514
Marvin Bakalorz,74,attack,-0.892009836034514
Billy Ketkeophomphone,74,attack,-0.892009836034514
Angelo Fulgini,74,attack,-0.892009836034514
Flavien Tait,74,attack,-0.892009836034514
Corentin Jean,74,attack,-0.892009836034514
Artur Ioniţă,74,attack,-0.892009836034514
Adama Diakhaby,74,attack,-0.892009836034514
Alex Pritchard,74,attack,-0.892009836034514
Joe Ralls,74,attack,-0.892009836034514
Bobby Reid,74,attack,-0.892009836034514
Anthony Lozano,74,attack,-0.892009836034514
Patrick RobertsL,74,attack,-0.892009836034514
Darko Lazović,74,attack,-0.892009836034514
Takashi UsamiL,74,attack,-0.892009836034514
David Ferreiro,74,attack,-0.892009836034514
Damián MustoL,74,attack,-0.892009836034514
Moi GómezL,74,attack,-0.892009836034514
Samuele LongoL,74,attack,-0.892009836034514
Lorenzo CrisetigL,74,attack,-0.892009836034514
Cédric Yambéré,70,defence,-0.955267350263428
Riccardo Gagliolo,69,defence,-1.00702138490307
Valerio Di Cesare,69,defence,-1.00702138490307
Fodé Ballo Touré,69,defence,-1.00702138490307
Loïck Landre,69,defence,-1.00702138490307
Thomas Fontaine,69,defence,-1.00702138490307
Calero,69,defence,-1.00702138490307
Giovanni Di Lorenzo,69,defence,-1.00702138490307
Mike Frantz,73,attack,-1.03415063774232
Anastasios Donis,73,attack,-1.03415063774232
Adrien Tameze,73,attack,-1.03415063774232
Rémi Walter,73,attack,-1.03415063774232
Jakob Johansson,73,attack,-1.03415063774232
Adrien Hunou,73,attack,-1.03415063774232
José Rodríguez,73,attack,-1.03415063774232
Anthony Ujah,73,attack,-1.03415063774232
Alexandru Maxim,73,attack,-1.03415063774232
Mikael Ishak,73,attack,-1.03415063774232
Stef Peeters,73,attack,-1.03415063774232
Casimir Ninga,73,attack,-1.03415063774232
Pablo Chavarría,73,attack,-1.03415063774232
Óscar Plano,73,attack,-1.03415063774232
Iver Fossum,73,attack,-1.03415063774232
Walace,73,attack,-1.03415063774232
Harrison Manzala,73,attack,-1.03415063774232
Afriyie Acquah,73,attack,-1.03415063774232
Rade Krunić,73,attack,-1.03415063774232
Miha Zajc,73,attack,-1.03415063774232
Yaya Sanogo,73,attack,-1.03415063774232
Juan Ferney Otero,73,attack,-1.03415063774232
Loïs Diony,73,attack,-1.03415063774232
Diego Farías,73,attack,-1.03415063774232
Marco Sau,73,attack,-1.03415063774232
Aron Gunnarsson,73,attack,-1.03415063774232
Julian Schieber,73,attack,-1.03415063774232
André Hahn,73,attack,-1.03415063774232
Oscar Hiljemark,73,attack,-1.03415063774232
Luca MazzitelliL,73,attack,-1.03415063774232
Frédéric Sammaritano,73,attack,-1.03415063774232
Jordan Marié,73,attack,-1.03415063774232
Marvin Ducksch,73,attack,-1.03415063774232
Rouwen Hennings,73,attack,-1.03415063774232
Benito Raman,73,attack,-1.03415063774232
Federico Dionisi,73,attack,-1.03415063774232
Daniel Ciofani,73,attack,-1.03415063774232
Luigi Alberto Scaglia,68,defence,-1.04312412447873
Féthi Harek,68,defence,-1.04312412447873
Hervé Lybohy,68,defence,-1.04312412447873
Florian Miguel,67,defence,-1.06564743066799
Mehmet Zeki Çelik,66,defence,-1.07700417395722
Mattia SprocatiL,72,attack,-1.15178659106904
Florent Mollet,72,attack,-1.15178659106904
Rene Krhin,72,attack,-1.15178659106904
Yacine Bammou,72,attack,-1.15178659106904
Téji Savanier,72,attack,-1.15178659106904
Moustapha Diallo,72,attack,-1.15178659106904
Denis Bouanga,72,attack,-1.15178659106904
Daniele VerdeL,72,attack,-1.15178659106904
Rubén Alcaraz,72,attack,-1.15178659106904
Luismi,72,attack,-1.15178659106904
Salih UçanL,72,attack,-1.15178659106904
Lorenzo Lollo,72,attack,-1.15178659106904
Marcel Büchel,72,attack,-1.15178659106904
Kenneth Zohore,72,attack,-1.15178659106904
Kenan Karaman,72,attack,-1.15178659106904
Marcel Sobottka,72,attack,-1.15178659106904
Stipe PericaL,72,attack,-1.15178659106904
Emil Hallfreðsson,72,attack,-1.15178659106904
Lucas Höler,71,attack,-1.2466016927013
Benjamin Corgnet,71,attack,-1.2466016927013
Nuno da Costa,71,attack,-1.2466016927013
Jérémy Grimm,71,attack,-1.2466016927013
Anthony Gonçalves,71,attack,-1.2466016927013
Rachid Alioui,71,attack,-1.2466016927013
Umut Bozok,71,attack,-1.2466016927013
Moussa Doumbia,71,attack,-1.2466016927013
Marvin Martin,71,attack,-1.2466016927013
Tristan Dingomé,71,attack,-1.2466016927013
Stiven Mendoza,71,attack,-1.2466016927013
Guessouma Fofana,71,attack,-1.2466016927013
Sebastian Kerk,70,attack,-1.32038005781002
Prince Oniangué,70,attack,-1.32038005781002
Christian Kouakou,70,attack,-1.32038005781002
Sada Thioub,70,attack,-1.32038005781002
Javi Guerra,70,attack,-1.32038005781002
Rafał Kurzawa,70,attack,-1.32038005781002
Ondřej Petrák,69,attack,-1.37503674659988
Edgar Salli,69,attack,-1.37503674659988
Patrick Erras,69,attack,-1.37503674659988
Renaud Ripart,69,attack,-1.37503674659988
Xavier Chavalerin,69,attack,-1.37503674659988
Grejohn Kyei,69,attack,-1.37503674659988
Santi Comesaña,69,attack,-1.37503674659988
Adam Zreľák,67,attack,-1.43561007418218
