,country,party_id,party_abbrev,party_name_english,previous_election_date,previous_election_source,previous_election_share,previous_election_notes,previous_election_total_votes,previous_election_party_votes,latest_election,latest_election_source,latest_election_share,latest_election_notes,last_election_total_votes,last_election_party_votes,vote_share_change,antielite_salience_2014,antielite_salience_2017,EU_integration_2014,EU_integration_2017,immigrate_policy_2014,immigrate_policy_2017,galtan_2014,galtan_2017,lrecon_2014,lrecon_2017
13,Denmark,201,SD,Social Democrats	Socialdemokraterne,2011,http://www.parlgov.org/explore/DNK/election/2011-09-15/,24.5,,3545368,868615,2015.0,http://www.parlgov.org/explore/DNK/election/2015-06-18/,25.7,,3560060.0,914935.0,1.1999999999999993,2.8,2.8,1.666666666666666,1.666666666666666,5.5,5.5,5.1999998,5.1999998,3.9000001,3.9000001
14,Denmark,202,RV,Danish Social Liberal Party	Det Radikale Venstre,2011,http://www.parlgov.org/explore/DNK/election/2011-09-15/,9.4,,3545368,333265,2015.0,http://www.parlgov.org/explore/DNK/election/2015-06-18/,4.5,,3560060.0,160203.0,-4.9,1.1,1.1,0.0,0.0,2.5999999,2.5999999,1.9,1.9,6.5,6.5
15,Denmark,203,KF,Conservative People’s Party	Det Konservative Folksparti,2011,http://www.parlgov.org/explore/DNK/election/2011-09-15/,4.9,,3545368,173723,2015.0,http://www.parlgov.org/explore/DNK/election/2015-06-18/,3.3,,3560060.0,117482.0,-1.6000000000000005,2.5,2.5,2.5,2.5,7.099999900000001,7.099999900000001,7.1999998,7.1999998,7.599999900000001,7.599999900000001
16,Denmark,206,SF,Socialist People’s Party	Socialistisk Folkeparti,2011,http://www.parlgov.org/explore/DNK/election/2011-09-15/,9.1,,3545368,322628,2015.0,http://www.parlgov.org/explore/DNK/election/2015-06-18/,4.1,,3560060.0,145962.0,-5.0,2.9000001,2.9000001,3.9393941666666663,3.9393941666666663,2.8,2.8,3.0999999,3.0999999,2.3,2.3
17,Denmark,211,V,"Liberal Party of Denmark	Venstre, Danmarks Liberale Parti Venstre",2011,http://www.parlgov.org/explore/DNK/election/2011-09-15/,26.4,,3545368,935977,2015.0,http://www.parlgov.org/explore/DNK/election/2015-06-18/,19.0,,3560060.0,676411.0,-7.399999999999999,2.8,2.8,1.9696966666666658,1.9696966666666658,7.6999998,7.6999998,5.6999998,5.6999998,7.3000002,7.3000002
18,Denmark,213,EL,Red-Green Alliance	Enhedslisten—De Rød-Grønne,2011,http://www.parlgov.org/explore/DNK/election/2011-09-15/,6.6,,3545368,233994,2015.0,http://www.parlgov.org/explore/DNK/election/2015-06-18/,7.6,,3560060.0,270565.0,1.0,5.9000001,5.9000001,8.6363635,8.6363635,1.6,1.6,2.0999999,2.0999999,1.0,1.0
19,Denmark,215,DF,Danish People’s Party	Dansk Folkeparti,2011,http://www.parlgov.org/explore/DNK/election/2011-09-15/,12.2,,3545368,432535,2015.0,http://www.parlgov.org/explore/DNK/election/2015-06-18/,20.6,,3560060.0,733372.0,8.400000000000002,6.900000099999999,6.900000099999999,8.4848485,8.4848485,9.6999998,9.6999998,8.3999996,8.3999996,4.5,4.5
21,Denmark,218,LA,Liberal Alliance	Liberal Alliance,2011,http://www.parlgov.org/explore/DNK/election/2011-09-15/,4.9,,3545368,173723,2015.0,http://www.parlgov.org/explore/DNK/election/2015-06-18/,7.4,,3560060.0,263444.0,2.5,3.125,3.125,5.333333333333333,5.333333333333333,4.099999899999999,4.099999899999999,2.5555556,2.5555556,9.1000004,9.1000004
22,Germany,301,CDU,Christian Democratic Union of Germany	Christlich Demokratische Union Deutschlands,2013,http://www.parlgov.org/explore/DEU/election/2013-09-22/,34.1,,43726856,14910858,2017.0,http://www.parlgov.org/explore/DEU/election/2017-09-24/,26.8,,46515492.0,12466152.0,-7.300000000000001,0.80000001,1.5625,1.0256409999999985,1.5625,5.7272725,5.625,6.0,5.8000002,5.9166665,6.0625
23,Germany,302,SPD,Social Democratic Party of Germany	Sozialdemokratische Partei Deutschlands,2013,http://www.parlgov.org/explore/DEU/election/2013-09-22/,25.7,,43726856,11237802,2017.0,http://www.parlgov.org/explore/DEU/election/2017-09-24/,20.5,,46515492.0,9535676.0,-5.199999999999999,1.3,2.3125,1.0256409999999985,0.7291666666666661,3.9090910000000005,3.8125,4.1538463,3.6666667,3.5,3.4375
24,Germany,303,FDP,Free Democratic Party	Freie Demokratische Partei,2013,http://www.parlgov.org/explore/DEU/election/2013-09-22/,4.8,,43726856,2098889,2017.0,http://www.parlgov.org/explore/DEU/election/2017-09-24/,10.7,,46515492.0,4977158.0,5.8999999999999995,0.89999998,3.6875,2.1794874999999996,4.0625,3.5999999,6.4375,3.3846154000000004,3.8,8.0,8.25
25,Germany,304,Grunen,Alliance ’90/The Greens	Bündnis 90/Die Grünen,2013,http://www.parlgov.org/explore/DEU/election/2013-09-22/,8.4,,43726856,3673056,2017.0,http://www.parlgov.org/explore/DEU/election/2017-09-24/,8.9,,46515492.0,4139879.0,0.5,2.0,2.625,1.2820513333333334,0.44444483333333373,2.090909,2.25,2.1538463,1.4,3.5,3.25
26,Germany,306,Linke,The Left	Die Linke,2013,http://www.parlgov.org/explore/DEU/election/2013-09-22/,8.6,,43726856,3760510,2017.0,http://www.parlgov.org/explore/DEU/election/2017-09-24/,9.2,,46515492.0,4279425.0,0.5999999999999996,5.4000001,6.3125,6.666666666666666,4.6875,4.0,3.1875,4.9230770999999995,4.1333332,1.25,1.0625
27,Germany,308,CSU,Christian Social Union in Bavaria	Christlich Soziale Union in Bayern,2013,http://www.parlgov.org/explore/DEU/election/2013-09-22/,7.4,,43726856,3235787,2017.0,http://www.parlgov.org/explore/DEU/election/2017-09-24/,6.2,,46515492.0,2883961.0,-1.2000000000000002,2.0,3.625,3.5897438333333325,4.0625,7.4545455,7.8125,7.9230770999999995,7.4666667,6.0833335,6.125
28,Germany,309,NPD,National Democratic Party of Germany	Nationaldemokratische Partei Deutschlands,2013,http://www.parlgov.org/explore/DEU/election/2013-09-22/,1.3,,43726856,568449,2017.0,http://www.parlgov.org/explore/DEU/election/2017-09-24/,0.0,,46515492.0,0.0,-1.3,9.1111107,9.1111107,8.888888999999999,8.888888999999999,9.0,9.0,9.818182,9.818182,5.3333335,5.3333335
29,Germany,310,AfD,Alternative for Germany	Alternative für Deutschland,2013,http://www.parlgov.org/explore/DEU/election/2013-09-22/,4.7,,43726856,2055162,2017.0,http://www.parlgov.org/explore/DEU/election/2017-09-24/,12.6,,46515492.0,5860952.0,7.8999999999999995,7.777777700000001,9.6875,8.974359,8.645833333333334,9.3000002,9.3125,8.6923075,9.466666199999999,8.333333,7.5333333
30,Germany,311,Piraten,Pirate Party of Germany	Piratenpartei Deutschland,2013,http://www.parlgov.org/explore/DEU/election/2013-09-22/,2.2,,43726856,961991,2017.0,http://www.parlgov.org/explore/DEU/election/2017-09-24/,0.0,,46515492.0,0.0,-2.2,6.8571429,6.8571429,3.809523499999999,3.809523499999999,2.5,2.5,1.9090909,1.9090909,3.25,3.25
34,Greece,401,PASOK,Panhellenic Socialist Movement	Panellinio Sosialistikó Kínima,2012,http://www.parlgov.org/explore/GRC/election/2012-06-17/,12.3,,6155665,757147,2015.0,http://www.parlgov.org/explore/GRC/election/2015-09-20/,4.2,"Coalition PASOK, DIMAR (split 6.3% votes proportional to last election)",5431850.0,168387.0,-8.100000000000001,2.7777777,1.6153846,0.7407411666666661,0.6410256666666676,4.3333335,4.6923075,4.0,3.6153845999999996,5.4444447,5.7692308
35,Greece,402,ND,New Democracy	Néa Dimokratía,2012,http://www.parlgov.org/explore/GRC/election/2012-06-17/,29.7,,6155665,1828233,2015.0,http://www.parlgov.org/explore/GRC/election/2015-09-20/,28.1,,5431850.0,1526350.0,-1.5999999999999979,2.3333333,2.2307692,0.7407411666666661,0.38461533333333087,8.0,7.769230800000001,7.0,7.0769229000000005,7.111111200000001,8.5384617
36,Greece,403,SYRIZA,Coalition of the Radical Left	Synaspismós Rizospastikís Aristerás,2012,http://www.parlgov.org/explore/GRC/election/2012-06-17/,26.9,,6155665,1655874,2015.0,http://www.parlgov.org/explore/GRC/election/2015-09-20/,35.5,,5431850.0,1928307.0,8.600000000000001,8.555555300000002,7.8461536999999995,5.9259260000000005,3.0769228333333336,2.2222223,1.8461539,2.1111112000000003,1.6153846,1.4444443999999999,2.3846154
37,Greece,404,KKE,Communist Party of Greece	Kommounistikó Kómma Elládas,2012,http://www.parlgov.org/explore/GRC/election/2012-06-17/,4.5,,6155665,277005,2015.0,http://www.parlgov.org/explore/GRC/election/2015-09-20/,5.6,,5431850.0,304184.0,1.0999999999999996,9.777777699999998,8.3846149,9.814814666666667,9.871794833333333,2.8333333,1.8888888,5.777777700000001,7.0,0.11111111,0.23076923
39,Greece,412,ANEL,Independent Greeks	Anexartitoi Ellines,2012,http://www.parlgov.org/explore/GRC/election/2012-06-17/,7.5,,6155665,461675,2015.0,http://www.parlgov.org/explore/GRC/election/2015-09-20/,3.7,,5431850.0,200978.0,-3.8,9.222222300000002,8.0769234,7.962962833333334,5.0,9.1111107,7.8461536999999995,8.555555300000002,8.9230766,5.1111112,5.8461537
40,Greece,413,Potami,The River	To Potami,2012,http://www.parlgov.org/explore/GRC/election/2012-06-17/,0.0,,6155665,0,2015.0,http://www.parlgov.org/explore/GRC/election/2015-09-20/,4.1,,5431850.0,222706.0,4.1,5.3333335,2.7692308,1.666666666666666,0.2564105000000012,3.4444443999999996,3.9230769,2.1111112000000003,1.3846154,5.6666665,7.615384599999999
41,Greece,414,DIMAR,Democratic Left	Dimokratiki Aristera,2012,http://www.parlgov.org/explore/GRC/election/2012-06-17/,6.3,,6155665,387807,2015.0,http://www.parlgov.org/explore/GRC/election/2015-09-20/,2.1,"Coalition PASOK, DIMAR (split 6.3% votes proportional to last election)",5431850.0,168387.0,-4.199999999999999,4.3333335,2.6363637000000004,2.037037166666665,0.8333333333333321,2.7777777,2.909091,2.5555556,1.7692307,3.4444443999999996,4.0
42,Greece,415,XA,Popular Association—Golden Dawn	Laïkós Sýndesmos—Chrysí Avgí,2012,http://www.parlgov.org/explore/GRC/election/2012-06-17/,6.9,,6155665,424741,2015.0,http://www.parlgov.org/explore/GRC/election/2015-09-20/,7.0,,5431850.0,380230.0,0.09999999999999964,10.0,9.3846149,9.814814666666667,9.6153845,10.0,9.2307692,10.0,10.0,2.875,4.25
43,Greece,450,EK,Enosi Kentroon	Union of Centrists,2012,http://www.parlgov.org/explore/GRC/election/2012-06-17/,0.0,,6155665,0,2015.0,http://www.parlgov.org/explore/GRC/election/2015-09-20/,3.4,,5431850.0,184683.0,3.4,7.083333500000001,7.083333500000001,3.75,3.75,6.5,6.5,6.833333500000001,6.833333500000001,5.5,5.5
44,Spain,501,PSOE,Spanish Socialist Workers’ Party	Partido Socialista Obrero Español,2011,http://www.parlgov.org/explore/ESP/election/2011-11-20/,29.1,Coalition PSC-PSOE,24015425,6988489,2016.0,http://www.parlgov.org/explore/ESP/election/2016-06-26/,22.7,,23935195.0,5433289.0,-6.400000000000002,3.0,2.1428571,0.5000003333333343,0.476190166666667,3.5999999,4.0,2.2,2.8571429,4.1111112,3.7857144
45,Spain,502,PP,People’s Party	Partido Popular,2011,http://www.parlgov.org/explore/ESP/election/2011-11-20/,41.9,,24015425,10062463,2016.0,http://www.parlgov.org/explore/ESP/election/2016-06-26/,33.0,,23935195.0,7898614.0,-8.899999999999999,1.4,1.0,0.33333299999999966,0.5952381666666664,8.1000004,8.0714283,8.0,8.2857141,7.666666499999999,7.9285712
46,Spain,504,IU,United Left	Izquierda Unida,2011,http://www.parlgov.org/explore/ESP/election/2011-11-20/,7.0,Coalition CIP,24015425,1681080,2016.0,http://www.parlgov.org/explore/ESP/election/2016-06-26/,0.0,,23935195.0,0.0,-7.0,5.5999999,6.4285712,4.000000166666666,4.102563833333333,1.6,1.2857143,1.4,1.3846154,1.7777778000000002,1.3571428
47,Spain,505,CiU,Convergence and Union	Convergència i Unió,2011,http://www.parlgov.org/explore/ESP/election/2011-11-20/,4.2,,24015425,1008648,2016.0,http://www.parlgov.org/explore/ESP/election/2016-06-26/,0.0,,23935195.0,0.0,-4.2,1.9,1.9,1.1666663333333318,1.1666663333333318,6.666666499999999,6.666666499999999,6.1999998,6.1999998,7.0,7.0
48,Spain,506,EAJ/PNV,Basque Nationalist Party	Euzko Alderdi Jeltzalea/ Partido Nacionalista Vasco,2011,http://www.parlgov.org/explore/ESP/election/2011-11-20/,1.4,,24015425,336216,2016.0,http://www.parlgov.org/explore/ESP/election/2016-06-26/,1.2,,23935195.0,287222.0,-0.19999999999999996,1.9,1.8461539,0.9259255,1.190476499999999,6.4444447,4.6666665,6.4000001,6.2142859,6.3333335,5.4285712
49,Spain,507,EA,Basque Solidarity	Eusko Alkartasuna,2011,http://www.parlgov.org/explore/ESP/election/2011-11-20/,1.4,,24015425,336216,2016.0,http://www.parlgov.org/explore/ESP/election/2016-06-26/,0.0,,23935195.0,0.0,-1.4,2.25,7.25,1.041666666666666,5.0,5.8333335,1.375,4.5,1.7272726999999999,4.125,1.2142857
50,Spain,511,ERC,Republican Left of Catalonia	Esquerra Republicana de Catalunya,2011,http://www.parlgov.org/explore/ESP/election/2011-11-20/,1.1,,24015425,264170,2016.0,http://www.parlgov.org/explore/ESP/election/2016-06-26/,2.6,,23935195.0,622315.0,1.5,4.222222299999999,5.5,2.407407833333333,2.6190479999999994,3.6666667,2.5833333,2.1111112000000003,3.2142856,3.625,3.2307692
51,Spain,513,BNG,Galician Nationalist Bloc	Bloque Nacionalista Galego,2011,http://www.parlgov.org/explore/ESP/election/2011-11-20/,0.8,,24015425,192123,2016.0,http://www.parlgov.org/explore/ESP/election/2016-06-26/,0.2,,23935195.0,47870.0,-0.6000000000000001,5.4285712,5.4285712,3.333333333333333,3.333333333333333,2.4000001,2.4000001,1.7777778000000002,1.7777778000000002,2.125,2.125
52,Spain,517,CC,Canarian Coalition	Coalición Canaria,2011,http://www.parlgov.org/explore/ESP/election/2011-11-20/,0.6,,24015425,144093,2016.0,http://www.parlgov.org/explore/ESP/election/2016-06-26/,0.3,,23935195.0,71806.0,-0.3,1.8571428,2.0,1.041666666666666,0.9999998333333338,6.4444447,6.714285899999999,5.25,6.1111112,6.375,6.3076925
54,Spain,523,UpyD,"Union, Progress and Democracy	Unión, Progreso y Democracia",2011,http://www.parlgov.org/explore/ESP/election/2011-11-20/,4.8,,24015425,1152740,2016.0,http://www.parlgov.org/explore/ESP/election/2016-06-26/,0.2,,23935195.0,47870.0,-4.6,6.777777700000001,6.777777700000001,0.5555558333333348,0.5555558333333348,5.25,5.25,3.1111112000000003,3.1111112000000003,6.0,6.0
56,Spain,525,Podemos,We Can	Podemos,2011,http://www.parlgov.org/explore/ESP/election/2011-11-20/,0.0,,24015425,0,2016.0,http://www.parlgov.org/explore/ESP/election/2016-06-26/,21.1,"Coalition ECP, EeM, EM",23935195.0,5050326.0,21.1,10.0,8.6428576,4.259258833333333,3.571428499999999,1.4,1.5,1.75,1.2142857,1.25,1.5
57,Spain,526,C's,Citizens—Party of the Citizenry	Ciudadanos—Partido de la Ciudadanía,2011,http://www.parlgov.org/explore/ESP/election/2011-11-20/,0.0,,24015425,0,2016.0,http://www.parlgov.org/explore/ESP/election/2016-06-26/,13.1,,23935195.0,3135511.0,13.1,6.3333335,5.3846154,0.5555558333333348,0.38461533333333087,6.25,7.285714100000001,3.2222223,5.5,6.5,7.785714100000001
58,Spain,550,CDC/PDeCAT,Convergència Democràtica de Catalunya/ Partit Demòcrata Europeu Català	Democratic Convergence of Catalonia/ Catalan European Democratic Party,2011,http://www.parlgov.org/explore/ESP/election/2011-11-20/,0.0,,24015425,0,2016.0,http://www.parlgov.org/explore/ESP/election/2016-06-26/,2.0,,23935195.0,478704.0,2.0,4.3571429,4.3571429,2.2619048333333334,2.2619048333333334,5.3076925,5.3076925,5.8571429,5.8571429,6.5,6.5
59,France,601,PCF,French Communist Party	Parti Communiste Français,2012,http://www.parlgov.org/explore/FRA/election/2012-06-17/,6.9,Rename FdG,25952859,1790747,2017.0,http://www.parlgov.org/explore/FRA/election/2017-06-18/,2.7,Rename FdG,22654164.0,611662.0,-4.2,6.6363635,6.5,7.2619048333333325,7.368421166666667,3.5999999,2.2,3.9090910000000005,3.1052632,1.1666666,0.75
60,France,602,PS,Socialist Party	Parti Socialiste,2012,http://www.parlgov.org/explore/FRA/election/2012-06-17/,29.4,,25952859,7630141,2017.0,http://www.parlgov.org/explore/FRA/election/2017-06-18/,7.4,,22654164.0,1676408.0,-22.0,3.2,3.6500001,2.023809833333333,1.4912279999999996,4.6999998,3.5999999,3.3636362999999996,2.0,3.8333333,3.3499999
61,France,603,PRG,Radical Party of the Left	Parti Radical de Gauche,2012,http://www.parlgov.org/explore/FRA/election/2012-06-17/,1.7,,25952859,441199,2017.0,http://www.parlgov.org/explore/FRA/election/2017-06-18/,0.5,,22654164.0,113271.0,-1.2,3.7777777,3.7777777,1.9230771666666655,1.9230771666666655,4.0,4.0,3.4166667,3.4166667,3.75,3.75
62,France,605,EELV,Europe Ecology—The Greens	Europe Écologie—Les Verts,2012,http://www.parlgov.org/explore/FRA/election/2012-06-17/,5.5,,25952859,1427407,2017.0,http://www.parlgov.org/explore/FRA/election/2017-06-18/,4.3,,22654164.0,974129.0,-1.2000000000000002,5.3636365,5.0999999,1.3095234999999992,2.1666670000000003,2.0999999,1.05,1.4166666,1.45,3.25,3.0
63,France,609,UMP,Union for Popular Movement	Union pour un Mouvement Populaire,2012,http://www.parlgov.org/explore/FRA/election/2012-06-17/,27.1,,25952859,7033225,2017.0,http://www.parlgov.org/explore/FRA/election/2017-06-18/,15.8,,22654164.0,3579358.0,-11.3,3.0,5.0,2.6190479999999994,3.9166665,7.599999900000001,8.6000004,7.166666499999999,7.400000099999999,7.333333500000001,7.9499998
64,France,610,FN,National Front	Front National,2012,http://www.parlgov.org/explore/FRA/election/2012-06-17/,13.6,,25952859,3529589,2017.0,http://www.parlgov.org/explore/FRA/election/2017-06-18/,13.2,,22654164.0,2990350.0,-0.40000000000000036,9.545455,9.6999998,9.642857166666667,9.916666666666666,9.8000002,9.8500004,8.916667,8.6499996,5.909091,4.9000001
66,France,613,MODEM,Democratic Movement	Mouvement Democrate,2012,http://www.parlgov.org/explore/FRA/election/2012-06-17/,1.8,,25952859,467151,2017.0,http://www.parlgov.org/explore/FRA/election/2017-06-18/,4.1,,22654164.0,928821.0,2.3,5.3000002,3.0526316000000002,0.6410256666666676,0.08333366666666642,6.3333335,5.9444447,5.3636365,4.4000001,6.4545455,6.4736843
67,France,621,NC,New Center	Nouveau Centre,2012,http://www.parlgov.org/explore/FRA/election/2012-06-17/,2.2,,25952859,570963,2017.0,http://www.parlgov.org/explore/FRA/election/2017-06-18/,0.0,,22654164.0,0.0,-2.2,2.8571429,2.8571429,1.3636366666666664,2.129629500000001,6.666666499999999,6.3076925,6.222222299999999,5.4666667,6.888888799999999,7.3125
68,France,622,PRV,Radical Party	Parti radical,2012,http://www.parlgov.org/explore/FRA/election/2012-06-17/,1.2,,25952859,311434,2017.0,http://www.parlgov.org/explore/FRA/election/2017-06-18/,0.0,,22654164.0,0.0,-1.2,3.5,3.5,1.666666666666666,1.666666666666666,6.4000001,6.4000001,5.8571429,5.8571429,6.5,6.5
69,France,623,AC,Centrist Alliance	Alliance centriste,2012,http://www.parlgov.org/explore/FRA/election/2012-06-17/,0.6,,25952859,155717,2017.0,http://www.parlgov.org/explore/FRA/election/2017-06-18/,0.0,,22654164.0,0.0,-0.6,2.8,2.8,0.6666668333333305,0.6666668333333305,6.5,6.5,6.1666665,6.1666665,6.8000002,6.8000002
72,France,626,LREM,La République en Marche	The Republic on the Move,2012,http://www.parlgov.org/explore/FRA/election/2012-06-17/,0.0,,25952859,0,2017.0,http://www.parlgov.org/explore/FRA/election/2017-06-18/,28.2,,22654164.0,6388474.0,28.2,4.6999998,4.6999998,0.0,0.0,6.0500002,6.0500002,2.45,2.45,6.849999900000001,6.849999900000001
73,France,627,Insoumis,La France Insoumise	France Unbowed,2012,http://www.parlgov.org/explore/FRA/election/2012-06-17/,0.0,,25952859,0,2017.0,http://www.parlgov.org/explore/FRA/election/2017-06-18/,11.0,,22654164.0,2491958.0,11.0,9.4499998,9.4499998,7.916666666666666,7.916666666666666,2.3499999,2.3499999,2.3,2.3,0.60000002,0.60000002
74,France,628,DLF,Debout la France	France Arise,2012,http://www.parlgov.org/explore/FRA/election/2012-06-17/,0.0,,25952859,0,2017.0,http://www.parlgov.org/explore/FRA/election/2017-06-18/,1.2,,22654164.0,271850.0,1.2,9.222222300000002,9.222222300000002,9.75,9.75,9.5500002,9.5500002,8.4499998,8.4499998,6.777777700000001,6.777777700000001
75,Ireland,701,FF,Soldiers of Destiny	Fianna Fáil,2011,http://www.parlgov.org/explore/IRL/election/2011-02-25/,17.5,,2220359,388563,2016.0,http://www.parlgov.org/explore/IRL/election/2016-02-26/,24.4,,2132790.0,520401.0,6.899999999999999,1.3333334,1.3333334,2.407407833333333,2.407407833333333,6.0,6.0,7.25,7.25,5.75,5.75
76,Ireland,702,FG,Family of the Irish	Fine Gael,2011,http://www.parlgov.org/explore/IRL/election/2011-02-25/,36.1,,2220359,801550,2016.0,http://www.parlgov.org/explore/IRL/election/2016-02-26/,25.5,,2132790.0,543861.0,-10.600000000000001,1.1666666,1.1666666,0.9259255,0.9259255,6.1666665,6.1666665,6.375,6.375,7.125,7.125
77,Ireland,703,Lab,Labour	Páirti Lucht Oibre,2011,http://www.parlgov.org/explore/IRL/election/2011-02-25/,19.5,,2220359,432970,2016.0,http://www.parlgov.org/explore/IRL/election/2016-02-26/,6.6,,2132790.0,140764.0,-12.9,1.5,1.5,1.8518519999999992,1.8518519999999992,5.1666665,5.1666665,3.75,3.75,4.125,4.125
78,Ireland,705,GP,Green Party	Comhaontas Glas,2011,http://www.parlgov.org/explore/IRL/election/2011-02-25/,1.9,,2220359,42187,2016.0,http://www.parlgov.org/explore/IRL/election/2016-02-26/,2.7,,2132790.0,57585.0,0.8000000000000003,5.0,5.0,4.375,4.375,4.1666665,4.1666665,2.625,2.625,3.75,3.75
79,Ireland,707,SF,We Ourselves	Sinn Féin,2011,http://www.parlgov.org/explore/IRL/election/2011-02-25/,9.9,,2220359,219816,2016.0,http://www.parlgov.org/explore/IRL/election/2016-02-26/,13.9,,2132790.0,296458.0,4.0,8.199999799999999,8.199999799999999,7.037037166666666,7.037037166666666,5.1999998,5.1999998,5.125,5.125,1.875,1.875
80,Ireland,708,SP,Socialist Party	Páirtí Sóisialach,2011,http://www.parlgov.org/explore/IRL/election/2011-02-25/,1.2,,2220359,26644,2016.0,http://www.parlgov.org/explore/IRL/election/2016-02-26/,4.0,,2132790.0,85312.0,2.8,8.8000002,8.8000002,7.962962833333334,7.962962833333334,5.0,5.0,1.8571428,1.8571428,0.5,0.5
81,Ireland,709,PBPA,People Before Profit Alliance	People Before Profit Alliance,2011,http://www.parlgov.org/explore/IRL/election/2011-02-25/,1.0,,2220359,22204,2016.0,http://www.parlgov.org/explore/IRL/election/2016-02-26/,0.0,,2132790.0,0.0,-1.0,9.25,9.25,7.916666666666666,7.916666666666666,5.0,5.0,1.2,1.2,0.42857143,0.42857143
83,Italy,811,LN,Northern League	Lega Nord,2013,http://www.parlgov.org/explore/ITA/election/2013-02-25/,4.1,,34002524,1394103,2018.0,http://www.parlgov.org/explore/ITA/election/2018-03-04/,17.4,,32841025.0,5714338.0,13.299999999999999,8.8000002,7.8461536999999995,9.761904666666666,9.166666666666666,9.5,9.8666668,9.1428576,9.0,7.285714100000001,6.785714100000001
84,Italy,814,UDC,Union of the Centre	Unione di Centro,2013,http://www.parlgov.org/explore/ITA/election/2013-02-25/,1.8,,34002524,612045,2018.0,http://www.parlgov.org/explore/ITA/election/2018-03-04/,1.3,Coalition NcI,32841025.0,426933.0,-0.5,1.5,1.6363636000000001,1.4285715000000003,1.5277774999999991,4.6666665,4.9166665,7.8571429,7.583333500000001,5.2857141,5.3636365
85,Italy,815,FI,Forward Italy	Forza Italia,2013,http://www.parlgov.org/explore/ITA/election/2013-02-25/,22.0,Rename PdL,34002524,7480555,2018.0,http://www.parlgov.org/explore/ITA/election/2018-03-04/,14.0,,32841025.0,4597744.0,-8.0,4.0,3.6153845999999996,5.952380833333334,3.809523499999999,7.75,7.0,7.285714100000001,6.785714100000001,7.0,8.0
86,Italy,827,SVP,South Tyrolean People’s Party	Südtiroler Volkspartei,2013,http://www.parlgov.org/explore/ITA/election/2013-02-25/,0.4,,34002524,136010,2018.0,http://www.parlgov.org/explore/ITA/election/2018-03-04/,0.4,,32841025.0,131364.0,0.0,5.0,0.75,2.2222225,1.666666666666666,6.0,6.0,7.25,5.5,5.4000001,5.0
87,Italy,837,PD,Democratic Party	Partito Democratico,2013,http://www.parlgov.org/explore/ITA/election/2013-02-25/,26.3,,34002524,8942664,2018.0,http://www.parlgov.org/explore/ITA/election/2018-03-04/,18.8,,32841025.0,6174113.0,-7.5,4.4000001,2.4615386000000004,0.7142853333333328,0.8333333333333321,3.25,3.6666667,2.4285715,2.5714285,4.5714288,3.7857144
88,Italy,838,SEL,Left Ecology Freedom	Sinistra Ecologia Libertá,2013,http://www.parlgov.org/explore/ITA/election/2013-02-25/,3.3,,34002524,1122083,2018.0,http://www.parlgov.org/explore/ITA/election/2018-03-04/,0.0,,32841025.0,0.0,-3.3,6.8000002,6.8000002,6.4285715,6.4285715,1.25,1.25,0.2857143,0.2857143,0.71428573,0.71428573
89,Italy,843,CD,Democratic Centre	Centro Democratico—Diritti e Libertá,2013,http://www.parlgov.org/explore/ITA/election/2013-02-25/,0.5,,34002524,170013,2018.0,http://www.parlgov.org/explore/ITA/election/2018-03-04/,0.0,,32841025.0,0.0,-0.5,3.3333333,1.4285715,1.9999996666666657,0.15151499999999984,3.5,3.7777777,6.2857141,5.090909,5.0,4.6999998
90,Italy,844,Fdl,Brothers of Italy	Fratelli d’Italia,2013,http://www.parlgov.org/explore/ITA/election/2013-02-25/,2.0,,34002524,680050,2018.0,http://www.parlgov.org/explore/ITA/election/2018-03-04/,4.4,,32841025.0,1445005.0,2.4000000000000004,6.25,6.4615383,8.0555555,8.571428666666666,8.75,9.666667,9.2857141,9.2142859,5.5714288,4.9285712
91,Italy,845,M5S,Five Star Movement	MoVimento Cinque Stelle,2013,http://www.parlgov.org/explore/ITA/election/2013-02-25/,25.9,,34002524,8806654,2018.0,http://www.parlgov.org/explore/ITA/election/2018-03-04/,33.3,,32841025.0,10936061.0,7.399999999999999,10.0,10.0,9.285714166666667,7.2619048333333325,4.25,6.4285712,2.5714285,4.9285712,3.4285714999999994,3.9285714999999994
92,Italy,846,SC,Civic Choice	Scelta Civica,2013,http://www.parlgov.org/explore/ITA/election/2013-02-25/,8.8,,34002524,2992222,2018.0,http://www.parlgov.org/explore/ITA/election/2018-03-04/,0.0,,32841025.0,0.0,-8.8,1.0,1.0,0.23809516666666575,0.23809516666666575,5.0,5.0,5.4285712,5.4285712,7.5714288,7.5714288
94,Italy,850,SI,Sinistra Italiana	Italian Left,2013,http://www.parlgov.org/explore/ITA/election/2013-02-25/,0.0,,34002524,0,2018.0,http://www.parlgov.org/explore/ITA/election/2018-03-04/,3.4,Coalition LeU,32841025.0,1116595.0,3.4,4.0,4.0,4.166666666666666,4.166666666666666,0.72727275,0.72727275,1.0,1.0,0.90909094,0.90909094
97,Netherlands,1001,CDA,Christian Democratic Appeal	Christen-Democratisch Appel,2012,http://www.parlgov.org/explore/NLD/election/2012-09-12/,8.5,,9424235,801060,2017.0,http://www.parlgov.org/explore/NLD/election/2017-03-15/,12.4,,10516041.0,1303989.0,3.9000000000000004,1.4285715,1.6428572,2.4242425,3.2222223333333337,6.5,7.0714288,6.4444447,7.333333500000001,6.5555553,7.0
98,Netherlands,1002,PvdA,Labour Party	Partij van de Arbeid,2012,http://www.parlgov.org/explore/NLD/election/2012-09-12/,24.8,,9424235,2337210,2017.0,http://www.parlgov.org/explore/NLD/election/2017-03-15/,5.7,,10516041.0,599414.0,-19.1,1.2857143,1.9230769,2.5757575,2.4444445000000004,4.125,4.5,3.0,3.3333333,3.2222223,3.8
99,Netherlands,1003,VVD,People’s Party for Freedom and Democracy	Volkspartij voor Vrijheid en Demokratie,2012,http://www.parlgov.org/explore/NLD/election/2012-09-12/,26.6,,9424235,2506847,2017.0,http://www.parlgov.org/explore/NLD/election/2017-03-15/,21.3,,10516041.0,2239917.0,-5.300000000000001,1.7142857,1.5384616000000002,3.0303033333333333,3.6666663333333327,7.5,8.0714283,5.125,5.3333335,8.333333,8.6000004
100,Netherlands,1004,D66,Democrats 66	Democraten 66,2012,http://www.parlgov.org/explore/NLD/election/2012-09-12/,8.0,,9424235,753939,2017.0,http://www.parlgov.org/explore/NLD/election/2017-03-15/,12.2,,10516041.0,1282957.0,4.199999999999999,1.4285715,2.0,0.3030299999999979,0.2222219999999986,2.125,3.2857144,1.0,1.0,6.5555553,6.5333333
101,Netherlands,1005,GL,GreenLeft	GroenLinks,2012,http://www.parlgov.org/explore/NLD/election/2012-09-12/,2.3,,9424235,216757,2017.0,http://www.parlgov.org/explore/NLD/election/2017-03-15/,9.1,,10516041.0,956960.0,6.8,1.7142857,2.6428571,0.7575758333333322,1.111110833333333,1.125,1.5,1.0,0.80000001,2.6666667,2.2
102,Netherlands,1006,SGP,Political Reformed Party	Staatkundig Gereformeerde Partij,2012,http://www.parlgov.org/explore/NLD/election/2012-09-12/,2.1,,9424235,197909,2017.0,http://www.parlgov.org/explore/NLD/election/2017-03-15/,2.1,,10516041.0,220837.0,0.0,1.1666666,1.0714285,7.4074073333333335,7.3333335,8.428571699999999,8.0,9.444444699999998,9.666667,6.888888799999999,6.6428571
103,Netherlands,1014,SP,Socialist Party	Socialistische Partij,2012,http://www.parlgov.org/explore/NLD/election/2012-09-12/,9.7,,9424235,914151,2017.0,http://www.parlgov.org/explore/NLD/election/2017-03-15/,9.1,,10516041.0,956960.0,-0.5999999999999996,6.5714288,5.0714288,8.166666833333334,7.111111166666666,4.375,4.8571429,4.1111112,4.5999999,1.0,0.73333335
104,Netherlands,1016,CU,ChristianUnion	ChristenUnie,2012,http://www.parlgov.org/explore/NLD/election/2012-09-12/,3.1,,9424235,292151,2017.0,http://www.parlgov.org/explore/NLD/election/2017-03-15/,3.4,,10516041.0,357545.0,0.2999999999999998,2.1428571,1.3571428,5.9259260000000005,5.952380833333334,3.75,4.1428571000000005,7.666666499999999,7.733333099999999,4.1111112,4.4000001
105,Netherlands,1017,PVV,Party for Freedom	Partij voor de Vrijheid,2012,http://www.parlgov.org/explore/NLD/election/2012-09-12/,10.1,,9424235,951848,2017.0,http://www.parlgov.org/explore/NLD/election/2017-03-15/,13.1,,10516041.0,1377601.0,3.0,9.428571699999999,9.2857141,9.848484833333334,9.888888833333333,9.875,9.428571699999999,7.777777700000001,7.0666666,4.5555553,5.733333099999999
106,Netherlands,1018,PvdD,Party for the Animals	Partij voor de Dieren,2012,http://www.parlgov.org/explore/NLD/election/2012-09-12/,1.9,,9424235,179060,2017.0,http://www.parlgov.org/explore/NLD/election/2017-03-15/,3.2,,10516041.0,336513.0,1.3000000000000003,5.0,3.1666667,5.476190666666666,6.025640999999999,2.3333333,2.8,2.3333333,1.9285715,2.4285715,2.5714285
107,Netherlands,1020,50PLUS,50PLUS	50PLUS,2012,http://www.parlgov.org/explore/NLD/election/2012-09-12/,1.9,,9424235,179060,2017.0,http://www.parlgov.org/explore/NLD/election/2017-03-15/,3.1,,10516041.0,325997.0,1.2000000000000002,5.8000002,5.4545455,3.6666663333333327,5.740740666666666,5.0,5.6666665,4.3333335,4.8000002,3.6666667,4.3076925
108,Netherlands,1050,Denk,Denk	Think/Equality,2012,http://www.parlgov.org/explore/NLD/election/2012-09-12/,0.0,,9424235,0,2017.0,http://www.parlgov.org/explore/NLD/election/2017-03-15/,2.1,,10516041.0,220837.0,2.1,5.5555553,5.5555553,3.888889166666667,3.888889166666667,2.090909,2.090909,6.3636365,6.3636365,3.2727272999999997,3.2727272999999997
109,Netherlands,1051,FvD,Forum voor Democratie	Forum for Democracy,2012,http://www.parlgov.org/explore/NLD/election/2012-09-12/,0.0,,9424235,0,2017.0,http://www.parlgov.org/explore/NLD/election/2017-03-15/,1.8,,10516041.0,189289.0,1.8,9.5,9.5,9.777777833333333,9.777777833333333,9.7857141,9.7857141,7.133333199999999,7.133333199999999,8.9333334,8.9333334
110,Britain,1101,CONS,Conservative Party	Conservative Party,2015,http://www.parlgov.org/explore/GBR/election/2015-05-07/,36.9,,30691680,11325230,2017.0,http://www.parlgov.org/explore/GBR/election/2017-06-08/,42.5,,32204124.0,13686753.0,5.600000000000001,2.1666667,3.7692308,6.4285715,7.738095166666667,8.0,8.0,6.1428571,7.0,7.8571429,7.8571429
111,Britain,1102,LAB,Labour Party	Labour Party,2015,http://www.parlgov.org/explore/GBR/election/2015-05-07/,30.5,,30691680,9360962,2017.0,http://www.parlgov.org/explore/GBR/election/2017-06-08/,40.0,,32204124.0,12881650.0,9.5,4.0,5.6666665,2.3809520000000006,5.833333333333333,5.4285712,5.0,3.4285714999999994,2.8461537,3.8571428999999995,2.0714285
112,Britain,1104,LIBDEM,Liberal Democratic Party	Liberal Democratic Party,2015,http://www.parlgov.org/explore/GBR/election/2015-05-07/,7.9,,30691680,2424643,2017.0,http://www.parlgov.org/explore/GBR/election/2017-06-08/,7.4,,32204124.0,2383105.0,-0.5,3.1666667,3.3076922999999994,0.476190166666667,0.3571431666666651,4.2857141,2.3571429,2.4285715,1.6923077000000002,5.1428571,4.4285712
113,Britain,1105,SNP,Scottish National Party	Scottish National Party,2015,http://www.parlgov.org/explore/GBR/election/2015-05-07/,4.7,,30691680,1442509,2017.0,http://www.parlgov.org/explore/GBR/election/2017-06-08/,3.0,,32204124.0,966124.0,-1.7000000000000002,7.333333500000001,5.2307692,1.190476499999999,0.476190166666667,3.5999999,2.3571429,4.5999999,2.3846154,3.3333333,3.5714285000000006
114,Britain,1106,PLAID,Party of Wales	Plaid Cymru,2015,http://www.parlgov.org/explore/GBR/election/2015-05-07/,0.6,,30691680,184150,2017.0,http://www.parlgov.org/explore/GBR/election/2017-06-08/,0.5,,32204124.0,161021.0,-0.09999999999999998,6.5,4.4166665,1.666666666666666,1.25,3.0,2.8,4.3333335,2.5454545,3.25,3.2727272999999997
115,Britain,1107,GREEN,Green Party	Green Party,2015,http://www.parlgov.org/explore/GBR/election/2015-05-07/,3.8,,30691680,1166284,2017.0,http://www.parlgov.org/explore/GBR/election/2017-06-08/,1.6,,32204124.0,515266.0,-2.1999999999999997,7.666666499999999,6.3846154,3.055555833333333,0.476190166666667,2.1428571,1.4285715,1.0,0.84615386,2.0,2.2857144
116,Britain,1108,UKIP,United Kingdom Independence Party	United Kingdom Independence Party,2015,http://www.parlgov.org/explore/GBR/election/2015-05-07/,12.7,,30691680,3897843,2017.0,http://www.parlgov.org/explore/GBR/election/2017-06-08/,1.8,,32204124.0,579674.0,-10.899999999999999,9.2857141,9.4615383,9.761904666666666,9.8809525,10.0,9.3571424,9.2857141,9.2307692,8.571428300000001,6.785714100000001
117,Britain,1150,SF,Sinn Féin	Ourselves,2015,http://www.parlgov.org/explore/GBR/election/2015-05-07/,0.6,,30691680,184150,2017.0,http://www.parlgov.org/explore/GBR/election/2017-06-08/,0.7,,32204124.0,225429.0,0.09999999999999998,6.75,6.75,2.5757575,2.5757575,3.7142856,3.7142856,4.0,4.0,2.4000001,2.4000001
118,Britain,1151,DUP,Democratic Unionist Party	Democratic Unionist Party,2015,http://www.parlgov.org/explore/GBR/election/2015-05-07/,0.6,,30691680,184150,2017.0,http://www.parlgov.org/explore/GBR/election/2017-06-08/,0.9,,32204124.0,289837.0,0.30000000000000004,4.3333335,4.3333335,7.361111166666666,7.361111166666666,8.199999799999999,8.199999799999999,9.3846149,9.3846149,7.181817999999999,7.181817999999999
119,Portugal,1201,CDU,Democratic Unitarian Coalition	Coligação Democrática Unitária,2011,http://www.parlgov.org/explore/PRT/election/2011-06-05/,8.2,,5357037,439277,2015.0,http://www.parlgov.org/explore/PRT/election/2015-10-04/,8.6,,5206113.0,447726.0,0.40000000000000036,7.5,5.4166665,8.541666666666666,7.4242425,2.5,3.25,4.1666665,4.6666665,0.33333334,1.0833334
120,Portugal,1202,PP,People’s Party	Partido Popular,2011,http://www.parlgov.org/explore/PRT/election/2011-06-05/,12.2,Coalition CDS,5357037,653559,2015.0,http://www.parlgov.org/explore/PRT/election/2015-10-04/,9.2,"Coalition PSD, CDS, PP (split 39.8% votes proportional to last election)",5206113.0,478962.0,-3.0,0.66666669,2.9166667,1.4583333333333321,1.818181666666666,8.0,5.9166665,7.333333500000001,8.25,7.0,7.666666499999999
121,Portugal,1205,PS,Socialist Party	Partido Socialista,2011,http://www.parlgov.org/explore/PRT/election/2011-06-05/,29.2,,5357037,1564255,2015.0,http://www.parlgov.org/explore/PRT/election/2015-10-04/,33.6,,5206113.0,1749254.0,4.400000000000002,2.0,2.3333333,1.041666666666666,0.7575758333333322,4.0,3.1666667,3.1666667,3.0833333,4.6666665,3.75
122,Portugal,1206,PSD,Social Democratic Party	Partido Social Democrata,2011,http://www.parlgov.org/explore/PRT/election/2011-06-05/,40.3,,5357037,2158886,2015.0,http://www.parlgov.org/explore/PRT/election/2015-10-04/,30.6,"Coalition PSD, CDS, PP (split 39.8% votes proportional to last election)",5206113.0,1593071.0,-9.699999999999996,0.5,2.0,0.20833333333333215,0.7575758333333322,6.8000002,4.8333335,5.6666665,6.916666499999999,7.833333500000001,7.25
123,Portugal,1208,BE,Left Bloc	Bloco de Esquerda,2011,http://www.parlgov.org/explore/PRT/election/2011-06-05/,5.4,,5357037,289280,2015.0,http://www.parlgov.org/explore/PRT/election/2015-10-04/,10.6,,5206113.0,551848.0,5.199999999999999,7.5,6.1666665,6.458333333333333,6.666666666666666,0.80000001,1.0,0.66666669,0.58333331,0.66666669,1.0
124,Portugal,1209,MPT,Earth Party	Partido da Terra,2011,http://www.parlgov.org/explore/PRT/election/2011-06-05/,0.0,,5357037,0,2015.0,http://www.parlgov.org/explore/PRT/election/2015-10-04/,0.4,,5206113.0,20824.0,0.4,8.0,5.625,5.999999833333333,5.0,7.0,3.0,6.3333335,4.0,7.0,3.5
125,Portugal,1250,PAN,Pessoas-Animais-Natureza	People-Animals-Nature,2011,http://www.parlgov.org/explore/PRT/election/2011-06-05/,1.1,,5357037,58927,2015.0,http://www.parlgov.org/explore/PRT/election/2015-10-04/,1.4,,5206113.0,72886.0,0.2999999999999998,4.6999998,4.6999998,4.000000166666666,4.000000166666666,2.25,2.25,1.3333334,1.3333334,3.2727272999999997,3.2727272999999997
126,Portugal,1251,PDR,Partido Democratico Republicano	Democratic Republican Party,2011,http://www.parlgov.org/explore/PRT/election/2011-06-05/,0.0,,5357037,0,2015.0,http://www.parlgov.org/explore/PRT/election/2015-10-04/,1.2,,5206113.0,62473.0,1.2,7.5555553,7.5555553,5.833333333333333,5.833333333333333,4.0,4.0,4.5,4.5,3.8571428999999995,3.8571428999999995
127,Austria,1301,SPO,Social Democratic Party of Austria	Sozialdemokratische Partei Österreichs,2013,http://www.parlgov.org/explore/AUT/election/2013-09-29/,26.8,,4692907,1257699,2017.0,http://www.parlgov.org/explore/AUT/election/2017-10-15/,26.9,,5069929.0,1363811.0,0.09999999999999787,2.3,2.3,1.666666666666666,1.666666666666666,4.4444447,4.4444447,4.0,4.0,2.8,2.8
128,Austria,1302,OVP,Austrian People’s Party	Österreichische Volkspartei,2013,http://www.parlgov.org/explore/AUT/election/2013-09-29/,24.0,,4692907,1126298,2017.0,http://www.parlgov.org/explore/AUT/election/2017-10-15/,31.5,,5069929.0,1597028.0,7.5,1.6,1.6,0.5000003333333343,0.5000003333333343,6.1111112,6.1111112,7.1999998,7.1999998,6.4000001,6.4000001
129,Austria,1303,FPO,Freedom Party of Austria	Freiheitliche Partei Österreichs,2013,http://www.parlgov.org/explore/AUT/election/2013-09-29/,20.5,,4692907,962046,2017.0,http://www.parlgov.org/explore/AUT/election/2017-10-15/,26.0,,5069929.0,1318182.0,5.5,8.0,8.0,8.5,8.5,9.8888893,9.8888893,8.8000002,8.8000002,5.5,5.5
130,Austria,1304,GRUNE,The Austrian Green Party	Die Grünen,2013,http://www.parlgov.org/explore/AUT/election/2013-09-29/,12.4,,4692907,581920,2017.0,http://www.parlgov.org/explore/AUT/election/2017-10-15/,3.8,,5069929.0,192657.0,-8.600000000000001,4.8000002,4.8000002,0.8333333333333321,0.8333333333333321,1.6666666,1.6666666,1.7,1.7,2.8,2.8
131,Austria,1306,NEOS,NEOS—The New Austria	NEOS—Das Neue Österreich,2013,http://www.parlgov.org/explore/AUT/election/2013-09-29/,5.0,,4692907,234645,2017.0,http://www.parlgov.org/explore/AUT/election/2017-10-15/,5.3,,5069929.0,268706.0,0.2999999999999998,6.1999998,6.1999998,1.1666663333333318,1.1666663333333318,4.0,4.0,2.9000001,2.9000001,7.599999900000001,7.599999900000001
132,Austria,1307,BZO,Alliance for the Future of Austria	Bündnis Zukunft Österreich,2013,http://www.parlgov.org/explore/AUT/election/2013-09-29/,3.5,,4692907,164252,2017.0,http://www.parlgov.org/explore/AUT/election/2017-10-15/,0.0,,5069929.0,0.0,-3.5,6.888888799999999,6.888888799999999,7.166666666666666,7.166666666666666,8.666667,8.666667,7.1999998,7.1999998,7.1999998,7.1999998
133,Austria,1310,TeamStronach,Team Stronach for Austria	Team Stronach für Österreich,2013,http://www.parlgov.org/explore/AUT/election/2013-09-29/,5.7,,4692907,267496,2017.0,http://www.parlgov.org/explore/AUT/election/2017-10-15/,0.0,,5069929.0,0.0,-5.7,7.900000099999999,7.900000099999999,6.833333166666666,6.833333166666666,7.333333500000001,7.333333500000001,7.1999998,7.1999998,7.900000099999999,7.900000099999999
134,Finland,1401,SDP,Social Democratic Party of Finland	Suomen Sosialidemokraattinen Puolue,2011,http://www.parlgov.org/explore/FIN/election/2011-04-17/,19.1,,2939571,561458,2015.0,http://www.parlgov.org/explore/FIN/election/2015-04-19/,16.5,,2968459.0,489796.0,-2.6000000000000014,2.625,2.625,2.3333334999999993,2.3333334999999993,4.125,4.125,3.2222223,3.2222223,3.4444443999999996,3.4444443999999996
135,Finland,1402,KOK,National Coalition Party	Kansallinen Kokoomus,2011,http://www.parlgov.org/explore/FIN/election/2011-04-17/,20.4,,2939571,599672,2015.0,http://www.parlgov.org/explore/FIN/election/2015-04-19/,18.2,,2968459.0,540260.0,-2.1999999999999993,0.875,0.875,0.6666668333333305,0.6666668333333305,5.125,5.125,4.75,4.75,8.2222223,8.2222223
136,Finland,1403,KESK,Finnish Center Party	Suomen Keskusta,2011,http://www.parlgov.org/explore/FIN/election/2011-04-17/,15.8,,2939571,464452,2015.0,http://www.parlgov.org/explore/FIN/election/2015-04-19/,21.1,,2968459.0,626345.0,5.300000000000001,3.75,3.75,4.166666666666666,4.166666666666666,5.625,5.625,7.0,7.0,5.4444447,5.4444447
137,Finland,1404,VAS,Left Alliance	Vasemmistoliitto,2011,http://www.parlgov.org/explore/FIN/election/2011-04-17/,8.1,,2939571,238105,2015.0,http://www.parlgov.org/explore/FIN/election/2015-04-19/,7.1,,2968459.0,210761.0,-1.0,6.25,6.25,4.499999666666666,4.499999666666666,2.875,2.875,1.8888888,1.8888888,1.6666666,1.6666666
138,Finland,1405,PS,True Finns	Persussuomalaiset,2011,http://www.parlgov.org/explore/FIN/election/2011-04-17/,19.1,,2939571,561458,2015.0,http://www.parlgov.org/explore/FIN/election/2015-04-19/,17.7,,2968459.0,525417.0,-1.4000000000000021,9.125,9.125,9.0,9.0,9.0,9.0,9.1111107,9.1111107,4.1111112,4.1111112
139,Finland,1406,RKP/SFP,Swedish People’s Party	Ruotsalainen kansanpuolue/Svenska folkpartiet,2011,http://www.parlgov.org/explore/FIN/election/2011-04-17/,4.3,,2939571,126402,2015.0,http://www.parlgov.org/explore/FIN/election/2015-04-19/,4.9,,2968459.0,145454.0,0.6000000000000005,1.125,1.125,0.9999998333333338,0.9999998333333338,2.75,2.75,2.1111112000000003,2.1111112000000003,7.333333500000001,7.333333500000001
140,Finland,1408,VIHR,Green League	Vihreä Liitto,2011,http://www.parlgov.org/explore/FIN/election/2011-04-17/,7.3,,2939571,214589,2015.0,http://www.parlgov.org/explore/FIN/election/2015-04-19/,8.5,,2968459.0,252319.0,1.2000000000000002,4.25,4.25,1.833333166666666,1.833333166666666,1.375,1.375,0.77777779,0.77777779,4.4444447,4.4444447
141,Finland,1409,KD,Christian Democrats	Kristillisdemokraatit,2011,http://www.parlgov.org/explore/FIN/election/2011-04-17/,4.0,,2939571,117583,2015.0,http://www.parlgov.org/explore/FIN/election/2015-04-19/,3.5,,2968459.0,103896.0,-0.5,2.25,2.25,5.1666665,5.1666665,6.1428571,6.1428571,9.0,9.0,5.4444447,5.4444447
142,Sweden,1601,V,Left Party	Vänsterpartiet,2014,http://www.parlgov.org/explore/SWE/election/2014-09-14/,5.7,,6231573,355200,2018.0,http://www.parlgov.org/explore/SWE/election/2018-09-09/,8.0,,6535271.0,522822.0,2.3,5.3684211,5.0555553,8.1060605,7.549019666666666,0.55555558,1.8333334,1.9523808999999996,1.8888888,1.3809524,1.2352941000000002
143,Sweden,1602,SAP,Swedish Social Democratic Party	Sveriges Socialdemokratiska Arbetareparti,2014,http://www.parlgov.org/explore/SWE/election/2014-09-14/,31.0,,6231573,1931788,2018.0,http://www.parlgov.org/explore/SWE/election/2018-09-09/,28.3,,6535271.0,1849482.0,-2.6999999999999993,1.9473683999999998,1.9444443999999999,2.8787874999999996,2.0588238333333324,2.3333333,6.666666499999999,3.6190476,4.4117646,3.4285714999999994,3.4705882000000003
144,Sweden,1603,C,Center Party	Centerpartiet,2014,http://www.parlgov.org/explore/SWE/election/2014-09-14/,6.1,,6231573,380126,2018.0,http://www.parlgov.org/explore/SWE/election/2018-09-09/,8.6,,6535271.0,562033.0,2.5,2.0526316000000002,2.1666667,2.651515,2.254901666666667,1.9444443999999999,3.3333333,3.0476191000000004,2.2222223,7.666666499999999,7.882352799999999
145,Sweden,1604,FP,Liberal People’s Party	Folkpartiet liberalerna,2014,http://www.parlgov.org/explore/SWE/election/2014-09-14/,5.4,,6231573,336505,2018.0,http://www.parlgov.org/explore/SWE/election/2018-09-09/,5.5,,6535271.0,359440.0,0.09999999999999964,1.9473683999999998,2.0,0.15151499999999984,0.10416666666666607,2.1666667,5.8888888,3.1428571,3.1666667,7.476190600000001,7.117647200000001
146,Sweden,1605,M,Moderate Party	Moderata Samlingspartiet,2014,http://www.parlgov.org/explore/SWE/election/2014-09-14/,23.3,,6231573,1451957,2018.0,http://www.parlgov.org/explore/SWE/election/2018-09-09/,19.8,,6535271.0,1300519.0,-3.5,1.7368422,1.9444443999999999,1.060605833333332,1.3725486666666669,2.6111112000000003,7.5555553,4.6666665,5.8888888,7.666666499999999,8.4117651
147,Sweden,1606,KD,Christian-Democrats	Kristdemokraternah,2014,http://www.parlgov.org/explore/SWE/election/2014-09-14/,4.6,,6231573,286652,2018.0,http://www.parlgov.org/explore/SWE/election/2018-09-09/,6.3,,6535271.0,411722.0,1.7000000000000002,2.1052632,3.4444443999999996,1.8939391666666658,2.0588238333333324,2.6111112000000003,7.5555553,6.9523811,7.0555553,7.190476400000001,7.647059
148,Sweden,1607,MP,Environment Party—The Greens	Miljöepartiet de Gröna,2014,http://www.parlgov.org/explore/SWE/election/2014-09-14/,6.9,,6231573,429979,2018.0,http://www.parlgov.org/explore/SWE/election/2018-09-09/,4.4,,6535271.0,287552.0,-2.5,3.5789473,3.4444443999999996,4.318181666666666,4.803921333333332,0.55555558,2.5555556,1.6190476,1.6111111999999999,3.5238093999999998,3.6470587
149,Sweden,1610,SD,Sweden Democrats	Sverigedemokraterna,2014,http://www.parlgov.org/explore/SWE/election/2014-09-14/,12.9,,6231573,803873,2018.0,http://www.parlgov.org/explore/SWE/election/2018-09-09/,17.5,,6535271.0,1130602.0,4.6,8.894737199999998,8.722222300000002,9.5454545,9.215686333333334,9.777777699999998,9.8888893,9.238095300000001,8.944444699999998,5.4000001,5.941176400000001
150,Sweden,1612,FI,Feminist Initative	Feministiskt initiativ,2014,http://www.parlgov.org/explore/SWE/election/2014-09-14/,3.1,,6231573,193179,2018.0,http://www.parlgov.org/explore/SWE/election/2018-09-09/,0.0,,6535271.0,32676.0,-3.1,7.125,6.583333500000001,6.403508666666667,6.500000166666666,0.47058824,1.0,0.80952382,0.8125,1.7142857,1.7272726999999999
151,Bulgaria,2002,SDS,Union of Democratic Forces	Sayuz na demokratichnite sili,2014,http://www.parlgov.org/explore/BGR/election/2014-10-05/,2.9,Coalition RB (split 8.9% votes),3283192,95213,2017.0,http://www.parlgov.org/explore/BGR/election/2017-03-26/,1.5,Coalition RB,2910654.0,43660.0,-1.4,4.5882354,4.5882354,0.588235000000001,0.588235000000001,5.1538463,5.1538463,3.5,3.5,7.6875,7.6875
152,Bulgaria,2003,BSP,BSP—Left Bulgaria	BSP—Lyava Bulgaria,2014,http://www.parlgov.org/explore/BGR/election/2014-10-05/,15.4,Coalition KzB,3283192,505612,2017.0,http://www.parlgov.org/explore/BGR/election/2017-03-26/,27.9,Coalition KzB,2910654.0,812072.0,12.499999999999998,4.0588236,4.0588236,2.843137499999999,2.843137499999999,6.1999998,6.1999998,5.9375,5.9375,3.4705882000000003,3.4705882000000003
153,Bulgaria,2004,DPS,Movement for Rights and Freedoms	Dvizhenie za Prava i Svobodi,2014,http://www.parlgov.org/explore/BGR/election/2014-10-05/,14.8,,3283192,485912,2017.0,http://www.parlgov.org/explore/BGR/election/2017-03-26/,12.1,Plus DOST,2910654.0,352189.0,-2.700000000000001,4.0588236,4.0588236,1.666666666666666,1.666666666666666,4.8333335,4.8333335,6.5882354,6.5882354,4.352941,4.352941
154,Bulgaria,2005,VMRO-BND,VMRO—Bulgarian National Movement	VMRO—Bulgarsko Natsionalno Dvizhenie,2014,http://www.parlgov.org/explore/BGR/election/2014-10-05/,3.6,"Coalition NFSB, VMRO",3283192,118195,2017.0,http://www.parlgov.org/explore/BGR/election/2017-03-26/,3.1,"Coalition NFSB, Ataka, VMRO (split 9.3% of votes)",2910654.0,90230.0,-0.5,8.882352800000001,8.882352800000001,6.145833333333333,6.145833333333333,9.428571699999999,9.428571699999999,8.625,8.625,3.7333333,3.7333333
155,Bulgaria,2007,ATAKA,Attack	Ataka,2014,http://www.parlgov.org/explore/BGR/election/2014-10-05/,4.5,,3283192,147744,2017.0,http://www.parlgov.org/explore/BGR/election/2017-03-26/,3.1,"Coalition NFSB, Ataka, VMRO (split 9.3% of votes)",2910654.0,90230.0,-1.4,9.470588699999999,9.470588699999999,9.166666666666666,9.166666666666666,9.375,9.375,9.6470585,9.6470585,1.4375,1.4375
156,Bulgaria,2008,DSB,Democrats for a Strong Bulgaria	Demokrati za Silna B_algarija,2014,http://www.parlgov.org/explore/BGR/election/2014-10-05/,2.9,Coalition RB (split 8.9% votes),3283192,95213,2017.0,http://www.parlgov.org/explore/BGR/election/2017-03-26/,2.5,,2910654.0,72766.0,-0.3999999999999999,4.5882354,4.5882354,0.6862743333333317,0.6862743333333317,5.1538463,5.1538463,4.1176472,4.1176472,8.0,8.0
157,Bulgaria,2010,GERB,Citizens for European Development of Bulgaria	Grazhdani za evropeysko razvitie na Balgariya,2014,http://www.parlgov.org/explore/BGR/election/2014-10-05/,32.7,,3283192,1073604,2017.0,http://www.parlgov.org/explore/BGR/election/2017-03-26/,33.5,,2910654.0,975069.0,0.7999999999999972,4.941176400000001,4.941176400000001,0.39215716666666545,0.39215716666666545,6.266666900000001,6.266666900000001,5.1176472,5.1176472,7.0,7.0
158,Bulgaria,2013,DBG,Bulgaria for Citizens Movement	Dvizhenie Bulgaria na grazhdanite,2014,http://www.parlgov.org/explore/BGR/election/2014-10-05/,2.9,Coalition RB (split 8.9% votes),3283192,95213,2017.0,http://www.parlgov.org/explore/BGR/election/2017-03-26/,1.5,Coalition RB,2910654.0,43660.0,-1.4,4.7058824999999995,4.7058824999999995,0.4166666666666661,0.4166666666666661,4.5384617,4.5384617,3.5882354,3.5882354,6.5333333,6.5333333
159,Bulgaria,2014,NFSB,National Front for the Salvation of Bulgaria	Natsionalen Front za Spasenie na Bulgaria,2014,http://www.parlgov.org/explore/BGR/election/2014-10-05/,3.6,"Coalition NFSB, VMRO",3283192,118195,2017.0,http://www.parlgov.org/explore/BGR/election/2017-03-26/,3.1,"Coalition NFSB, Ataka, VMRO (split 9.3% of votes)",2910654.0,90230.0,-0.5,8.375,8.375,6.666666666666666,6.666666666666666,9.1333332,9.1333332,8.0,8.0,4.266666900000001,4.266666900000001
160,Bulgaria,2015,BBT,Bulgaria without Censorship	Bulgaria bez Tsenzura,2014,http://www.parlgov.org/explore/BGR/election/2014-10-05/,5.7,,3283192,187142,2017.0,http://www.parlgov.org/explore/BGR/election/2017-03-26/,0.0,,2910654.0,0.0,-5.7,8.8235292,8.8235292,4.111111166666666,4.111111166666666,8.8000002,8.8000002,7.4545455,7.4545455,3.9000001,3.9000001
161,Bulgaria,2016,ABV,Alternative for Bulgarian Revival	Alternativa za Balgarsko Vazrazhdane,2014,http://www.parlgov.org/explore/BGR/election/2014-10-05/,4.2,,3283192,137894,2017.0,http://www.parlgov.org/explore/BGR/election/2017-03-26/,1.6,,2910654.0,46570.0,-2.6,6.1875,6.1875,2.254901666666667,2.254901666666667,6.4615383,6.4615383,5.375,5.375,3.375,3.375
162,Czech Republic,2101,CSSD,Czech Social Democratic Party	Ceská strana sociáln_e demokratická,2013,http://www.parlgov.org/explore/CZE/election/2013-10-25/,20.5,,4969984,1018847,2017.0,http://www.parlgov.org/explore/CZE/election/2017-10-21/,7.3,,5060759.0,369435.0,-13.2,1.5,1.9285715,1.5555556666666668,2.5,4.3333335,6.8571429,4.4285712,5.0,2.7142856,2.4285715
163,Czech Republic,2102,ODS,Civic Democratic Party	Ob_canská demokratická strana,2013,http://www.parlgov.org/explore/CZE/election/2013-10-25/,7.7,,4969984,382689,2017.0,http://www.parlgov.org/explore/CZE/election/2017-10-21/,11.3,,5060759.0,571866.0,3.6000000000000005,2.1538463,2.3571429,6.888888999999999,6.071428500000001,7.875,8.0,6.0,6.8461536999999995,8.1428576,8.3571424
164,Czech Republic,2103,KSCM,Communist Party of Bohemia and Moravia	Komunistická strana Cech a Moravy,2013,http://www.parlgov.org/explore/CZE/election/2013-10-25/,14.9,,4969984,740528,2017.0,http://www.parlgov.org/explore/CZE/election/2017-10-21/,7.8,,5060759.0,394739.0,-7.1000000000000005,5.6923075,6.785714100000001,7.111111166666666,8.333333333333334,6.666666499999999,8.8571424,6.5714288,8.2857141,1.0,0.5
165,Czech Republic,2104,KDU-CSL,Christian Democratic Union - Czechoslovak People’s Party	K_res_anská demokratická unie - Ceskoslovenská strana lidová,2013,http://www.parlgov.org/explore/CZE/election/2013-10-25/,6.8,,4969984,337959,2017.0,http://www.parlgov.org/explore/CZE/election/2017-10-21/,5.8,,5060759.0,293524.0,-1.0,2.4615386000000004,1.6428572,0.8333333333333321,1.3095234999999992,7.0,6.5714288,7.6428571,7.714285899999999,5.5714288,4.8571429
166,Czech Republic,2107,SZ,Green Party	Strana zelených,2013,http://www.parlgov.org/explore/CZE/election/2013-10-25/,3.2,,4969984,159039,2017.0,http://www.parlgov.org/explore/CZE/election/2017-10-21/,1.5,,5060759.0,75911.0,-1.7000000000000002,5.8461537,5.8461537,0.7142853333333328,0.7142853333333328,1.3333334,1.3333334,1.2857143,1.2857143,3.7142856,3.7142856
167,Czech Republic,2109,TOP09,TOP 09	TOP 09,2013,http://www.parlgov.org/explore/CZE/election/2013-10-25/,12.0,,4969984,596398,2017.0,http://www.parlgov.org/explore/CZE/election/2017-10-21/,5.3,,5060759.0,268220.0,-6.7,1.9230769,1.6428572,0.5555558333333348,0.23809516666666575,5.0,4.6428571,5.5,5.0714288,7.8571429,7.785714100000001
168,Czech Republic,2111,ANO2011,"ANO 2011, Action of Dissatisfied Citizens	ANO 2011, Akce nespokojených ob_can_",2013,http://www.parlgov.org/explore/CZE/election/2013-10-25/,18.7,,4969984,929387,2017.0,http://www.parlgov.org/explore/CZE/election/2017-10-21/,29.6,,5060759.0,1497985.0,10.900000000000002,7.769230800000001,9.1428576,3.0000003333333334,4.880952000000001,5.8571429,7.6428571,4.4545455,5.1428571,6.3571429,5.8461537
169,Czech Republic,2112,USVIT,Dawn of Direct Democracy	Úsvit p_rímé demokracie,2013,http://www.parlgov.org/explore/CZE/election/2013-10-25/,6.9,,4969984,342929,2017.0,http://www.parlgov.org/explore/CZE/election/2017-10-21/,0.0,,5060759.0,0.0,-6.9,9.4615383,9.4615383,7.888888833333333,7.888888833333333,9.3999996,9.3999996,7.714285899999999,7.714285899999999,5.3333335,5.3333335
170,Czech Republic,2113,SVOBODNI,Party of Free Citizens	Strana svobodných ob_can_,2013,http://www.parlgov.org/explore/CZE/election/2013-10-25/,2.5,,4969984,124250,2017.0,http://www.parlgov.org/explore/CZE/election/2017-10-21/,1.6,,5060759.0,80972.0,-0.8999999999999999,7.0,7.0,9.444444333333333,9.444444333333333,7.625,7.625,4.8571429,4.8571429,9.2307692,9.2307692
171,Czech Republic,2114,Pirates,Pirátská strana	Pirate Party,2013,http://www.parlgov.org/explore/CZE/election/2013-10-25/,2.7,,4969984,134190,2017.0,http://www.parlgov.org/explore/CZE/election/2017-10-21/,10.8,,5060759.0,546562.0,8.100000000000001,8.1538458,8.1538458,2.976190166666666,2.976190166666666,4.6363635,4.6363635,1.2307693000000002,1.2307693000000002,5.8333335,5.8333335
172,Czech Republic,2115,SPD,Svoboda a p_ímá demokracie	Freedom and Direct Democracy,2013,http://www.parlgov.org/explore/CZE/election/2013-10-25/,0.0,,4969984,0,2017.0,http://www.parlgov.org/explore/CZE/election/2017-10-21/,10.6,,5060759.0,536440.0,10.6,9.928571699999999,9.928571699999999,9.8809525,9.8809525,9.928571699999999,9.928571699999999,9.083333,9.083333,4.9166665,4.9166665
173,Czech Republic,2116,STAN,Starostové a nezávislí	Mayors and Independents,2013,http://www.parlgov.org/explore/CZE/election/2013-10-25/,0.0,,4969984,0,2017.0,http://www.parlgov.org/explore/CZE/election/2017-10-21/,5.2,,5060759.0,263159.0,5.2,2.3076923,2.3076923,1.4285715000000003,1.4285715000000003,5.3333335,5.3333335,4.9230770999999995,4.9230770999999995,6.5,6.5
174,Estonia,2201,IRL,Pro Patria and Res Publica Union	Erakond Isamaa ja Res Publica Liit,2011,http://www.parlgov.org/explore/EST/election/2011-03-06/,20.5,,575133,117902,2015.0,http://www.parlgov.org/explore/EST/election/2015-03-01/,13.7,,574150.0,78659.0,-6.800000000000001,1.625,2.8,0.8333333333333321,1.5555556666666668,6.5,6.9333334,6.625,7.1999998,8.25,6.866666800000001
175,Estonia,2202,EK,Estonian Center Party	Eesti Keskerakond,2011,http://www.parlgov.org/explore/EST/election/2011-03-06/,23.3,,575133,134006,2015.0,http://www.parlgov.org/explore/EST/election/2015-03-01/,24.8,,574150.0,142389.0,1.5,4.75,3.8666666,3.333333333333333,1.4444446666666657,5.0,4.8666668,6.625,5.1333332,3.875,3.1333333999999997
176,Estonia,2203,ER,Estonian Reform Party	Eesti Reformierakond,2011,http://www.parlgov.org/explore/EST/election/2011-03-06/,28.6,,575133,164488,2015.0,http://www.parlgov.org/explore/EST/election/2015-03-01/,27.7,,574150.0,159040.0,-0.9000000000000021,1.0,1.5333333,0.20833333333333215,0.44444483333333373,5.125,4.5333333,3.125,2.8666666000000003,8.25,8.2666664
177,Estonia,2204,SDE,Social Democratic Party	Sotsiaaldemokraatlik Erakond,2011,http://www.parlgov.org/explore/EST/election/2011-03-06/,17.1,,575133,98348,2015.0,http://www.parlgov.org/explore/EST/election/2015-03-01/,15.2,,574150.0,87271.0,-1.9000000000000021,3.2857144,2.7333333,0.20833333333333215,0.33333299999999966,4.625,3.1333333999999997,2.5,1.4666667,4.75,2.9333334
178,Estonia,2207,EER,Estonian Greens	Erakond Eestimaa Rohelised,2011,http://www.parlgov.org/explore/EST/election/2011-03-06/,3.8,,575133,21855,2015.0,http://www.parlgov.org/explore/EST/election/2015-03-01/,0.9,,574150.0,5167.0,-2.9,7.5,7.5,1.666666666666666,1.666666666666666,5.6666665,5.6666665,4.2857141,4.2857141,6.0,6.0
179,Estonia,2208,EVE,Estonian Free Party	Eesti Vabaerakond,2011,http://www.parlgov.org/explore/EST/election/2011-03-06/,0.0,,575133,0,2015.0,http://www.parlgov.org/explore/EST/election/2015-03-01/,8.7,,574150.0,49951.0,8.7,8.333333,8.1428576,1.388889166666667,2.3809520000000006,5.5,6.909091,3.8571428999999995,4.9166665,7.1428571,6.615384599999999
180,Estonia,2209,EKRE,Eesti Konservatiivne Rahvaerakond	Conservative People’s Party of Estonia,2011,http://www.parlgov.org/explore/EST/election/2011-03-06/,2.1,,575133,12078,2015.0,http://www.parlgov.org/explore/EST/election/2015-03-01/,8.2,,574150.0,47080.0,6.1,8.533333800000001,8.533333800000001,6.888888999999999,6.888888999999999,9.8000002,9.8000002,9.2666664,9.2666664,6.0666666,6.0666666
181,Hungary,2301,MSZP,Hungarian Socialist Party	Magyar Szocialista Párt,2014,http://www.parlgov.org/explore/HUN/election/2014-04-06/,20.1,"Coalition MSZP,DK, Egyutt, PM (split 25.6% of votes proportional to seats)",5047363,1014520,2018.0,http://www.parlgov.org/explore/HUN/election/2018-04-08/,11.9,,5732283.0,682142.0,-8.200000000000001,3.5,4.3000002,1.5476186666666667,1.060605833333332,4.4545455,4.8095235999999995,4.0714288,3.9047617999999993,4.0714288,3.1818182
182,Hungary,2302,Fidesz,Fidesz—Hungarian Civic Union	Fidesz—Magyar Polgári Szövetség,2014,http://www.parlgov.org/explore/HUN/election/2014-04-06/,44.9,"Coalition Fidesz, KDNP",5047363,2266266,2018.0,http://www.parlgov.org/explore/HUN/election/2018-04-08/,49.3,"Coalition Fidesz, KDNP",5732283.0,2826016.0,4.399999999999999,4.6428571,6.4000001,7.142857333333333,7.272727166666666,7.833333500000001,9.909091,8.6428576,9.238095300000001,3.6923077000000006,4.090909
183,Hungary,2308,JOBBIK,Jobbik—Movement for a Better Hungary	Jobbik Magyarországért Mozgalom,2014,http://www.parlgov.org/explore/HUN/election/2014-04-06/,20.2,,5047363,1019567,2018.0,http://www.parlgov.org/explore/HUN/election/2018-04-08/,19.1,,5732283.0,1094866.0,-1.0999999999999979,9.071428300000001,8.3999996,9.642857166666667,6.363636333333334,9.333333,9.636364,9.5,9.0,4.0,4.1999998
184,Hungary,2309,LMP,Politics Can Be Different	Lehet Más a Politika,2014,http://www.parlgov.org/explore/HUN/election/2014-04-06/,5.3,,5047363,267510,2018.0,http://www.parlgov.org/explore/HUN/election/2018-04-08/,7.1,,5732283.0,406992.0,1.7999999999999998,7.4285712,6.5,2.857143166666667,1.8253970000000006,3.0,4.4000001,2.9285715,2.8,3.6153845999999996,2.7
185,Hungary,2310,E14,Together 2014	Együtt 2014,2014,http://www.parlgov.org/explore/HUN/election/2014-04-06/,2.1,"Coalition MSZP,DK, Egyutt, PM (split 25.6% of votes proportional to seats)",5047363,105995,2018.0,http://www.parlgov.org/explore/HUN/election/2018-04-08/,0.7,,5732283.0,40126.0,-1.4000000000000001,5.2142859,4.8499999,0.5952381666666664,0.1666665000000016,2.5555556,2.9523808999999996,2.3571429,2.0,4.8571429,5.0500002
186,Hungary,2311,DK,Democratic Coalition	Demokratikus Koalíció,2014,http://www.parlgov.org/explore/HUN/election/2014-04-06/,2.8,"Coalition MSZP,DK, Egyutt, PM (split 25.6% of votes proportional to seats)",5047363,141326,2018.0,http://www.parlgov.org/explore/HUN/election/2018-04-08/,5.4,,5732283.0,309543.0,2.6000000000000005,4.5,4.4499998,0.476190166666667,0.08333366666666642,2.8,3.0,2.5714285,2.55,4.8571429,5.25
187,Hungary,2312,PM,Párbeszéd Magyarországért	Dialogue for Hungary,2014,http://www.parlgov.org/explore/HUN/election/2014-04-06/,0.7,"Coalition MSZP,DK, Egyutt, PM (split 25.6% of votes proportional to seats)",5047363,35332,2018.0,http://www.parlgov.org/explore/HUN/election/2018-04-08/,5.9,,5732283.0,338205.0,5.2,5.7368422,5.7368422,0.5263161666666658,0.5263161666666658,2.9473683999999998,2.9473683999999998,1.5789474,1.5789474,3.1052632,3.1052632
189,Latvia,2402,LKS,Latvian Russian Union	Latvijas Krievu savien¯iba,2014,http://www.parlgov.org/explore/LVA/election/2014-10-04/,1.6,,906538,14505,2018.0,http://www.parlgov.org/explore/lva/election/2014-10-04/,3.2,,839000.0,26848.0,1.6,9.428571699999999,9.428571699999999,6.851852000000001,6.851852000000001,4.25,4.25,8.2857141,8.2857141,2.8571429,2.8571429
190,Latvia,2405,ZZS,Union of Greens and Farmers	Zal¸o un Zemnieku Savien¯iba,2014,http://www.parlgov.org/explore/LVA/election/2014-10-04/,19.5,,906538,176775,2018.0,http://www.parlgov.org/explore/lva/election/2014-10-04/,10.0,,839000.0,83900.0,-9.5,5.5,5.5,3.333333333333333,3.333333333333333,6.2857141,6.2857141,7.222222299999999,7.222222299999999,5.6666665,5.6666665
191,Latvia,2406,,National Alliance “All For Latvia!” - “For Fatherland and Freedom/LNNK”	Nacion¯al¯a apvien¯iba “Visu Latvijai!” - “T¯evzemei un Br¯iv¯ibai/LNNK”,2014,http://www.parlgov.org/explore/LVA/election/2014-10-04/,16.6,,906538,150485,2018.0,http://www.parlgov.org/explore/lva/election/2014-10-04/,24.8,"Coalition NA, JKP",839000.0,208072.0,8.2,5.0,5.0,2.1666670000000003,2.1666670000000003,8.7142859,8.7142859,8.111110700000001,8.111110700000001,5.8888888,5.8888888
192,Latvia,2410,SDPS,"Social Democratic Party “Harmony”	Soci¯aldemokr¯atisk¯a Partija “Saska¸na""",2014,http://www.parlgov.org/explore/LVA/election/2014-10-04/,23.0,,906538,208504,2018.0,http://www.parlgov.org/explore/lva/election/2014-10-04/,19.9,,839000.0,166961.0,-3.1000000000000014,7.375,7.375,4.666667,4.666667,4.7142859,4.7142859,7.0,7.0,3.5555556000000004,3.5555556000000004
193,Latvia,2412,V,Unity	Vienot¯iba,2014,http://www.parlgov.org/explore/LVA/election/2014-10-04/,21.9,,906538,198532,2018.0,http://www.parlgov.org/explore/lva/election/2014-10-04/,6.7,,839000.0,56213.0,-15.2,1.875,1.875,0.33333299999999966,0.33333299999999966,5.2857141,5.2857141,4.0,4.0,6.666666499999999,6.666666499999999
194,Latvia,2413,NSL,For Latvia from the Heart	No sirds Latvijai,2014,http://www.parlgov.org/explore/LVA/election/2014-10-04/,6.9,,906538,62551,2018.0,http://www.parlgov.org/explore/lva/election/2014-10-04/,0.0,,839000.0,0.0,-6.9,9.0,9.0,4.629629500000001,4.629629500000001,6.25,6.25,7.714285899999999,7.714285899999999,4.8571429,4.8571429
195,Latvia,2414,LRA,Latvian Association of Regions	Latvijas Re´gionu apvien¯iba,2014,http://www.parlgov.org/explore/LVA/election/2014-10-04/,6.7,,906538,60738,2018.0,http://www.parlgov.org/explore/lva/election/2014-10-04/,14.3,"Coalition KPV, LRA",839000.0,119977.0,7.6000000000000005,7.714285899999999,7.714285899999999,3.125,3.125,6.25,6.25,7.0,7.0,5.625,5.625
196,Lithuania,2501,LSDP,Social Democratic Party of Lithuania	Lietuvos socialdemokratu_ partija,2012,http://www.parlgov.org/explore/LTU/election/2012-10-14/,18.4,,1312090,241425,2016.0,http://www.parlgov.org/explore/LTU/election/2016-10-09/,15.0,,1220958.0,183144.0,-3.3999999999999986,1.8333334,1.8333334,0.6666668333333305,0.6666668333333305,4.4545455,4.4545455,4.2857141,4.2857141,3.3076922999999994,3.3076922999999994
197,Lithuania,2506,TS-LKD,Homeland Union—Lithuanian Christian Democrats	T_evyn_es s_junga—Lietuvos krikš_ionys demokratai,2012,http://www.parlgov.org/explore/LTU/election/2012-10-14/,15.1,,1312090,198126,2016.0,http://www.parlgov.org/explore/LTU/election/2016-10-09/,22.6,,1220958.0,275937.0,7.500000000000002,2.0,2.0,0.7777778333333334,0.7777778333333334,6.090909,6.090909,7.285714100000001,7.285714100000001,6.5384617,6.5384617
198,Lithuania,2507,LVZS,Lithuanian Peasant and Greens Union	Lietuvos valstie_i¸u ir Žaliu_ju_ s_junga,2012,http://www.parlgov.org/explore/LTU/election/2012-10-14/,3.9,,1312090,51172,2016.0,http://www.parlgov.org/explore/LTU/election/2016-10-09/,22.5,,1220958.0,274716.0,18.6,6.2727275,6.2727275,3.8461541666666665,3.8461541666666665,6.5,6.5,6.1666665,6.1666665,3.4166667,3.4166667
199,Lithuania,2511,LLRA,Electoral Action of Lithuania’s Poles	Lietuvos lenku_ rinkimu_ akcija,2012,http://www.parlgov.org/explore/LTU/election/2012-10-14/,5.8,,1312090,76101,2016.0,http://www.parlgov.org/explore/LTU/election/2016-10-09/,5.7,,1220958.0,69595.0,-0.09999999999999964,6.2727275,6.2727275,4.642856833333333,4.642856833333333,6.1666665,6.1666665,8.8571424,8.8571424,3.5833333,3.5833333
200,Lithuania,2515,TT,Order and Justice	Tvarka ir Teisingumas,2012,http://www.parlgov.org/explore/LTU/election/2012-10-14/,7.3,,1312090,95783,2016.0,http://www.parlgov.org/explore/LTU/election/2016-10-09/,5.6,,1220958.0,68374.0,-1.7000000000000002,7.5,7.5,6.333333333333333,6.333333333333333,6.4545455,6.4545455,8.2857141,8.2857141,4.3846154,4.3846154
201,Lithuania,2516,DP,Labour Party	Darbo Partija,2012,http://www.parlgov.org/explore/LTU/election/2012-10-14/,19.8,,1312090,259794,2016.0,http://www.parlgov.org/explore/LTU/election/2016-10-09/,4.9,,1220958.0,59827.0,-14.9,4.6666665,4.6666665,3.1111113333333327,3.1111113333333327,4.3636365,4.3636365,5.8571429,5.8571429,4.6923075,4.6923075
202,Lithuania,2518,LRLS,Liberal Movement	Liberalu_ S_j¯udis,2012,http://www.parlgov.org/explore/LTU/election/2012-10-14/,8.6,,1312090,112840,2016.0,http://www.parlgov.org/explore/LTU/election/2016-10-09/,9.5,,1220958.0,115991.0,0.9000000000000004,1.5,1.5,0.7777778333333334,0.7777778333333334,3.7272727,3.7272727,2.4285715,2.4285715,8.6153851,8.6153851
203,Lithuania,2520,DK,The Way of Courage	Dr_sos Kelias,2012,http://www.parlgov.org/explore/LTU/election/2012-10-14/,8.0,,1312090,104967,2016.0,http://www.parlgov.org/explore/LTU/election/2016-10-09/,0.0,,1220958.0,0.0,-8.0,9.416667,9.416667,6.481481333333333,6.481481333333333,5.25,5.25,9.0,9.0,3.3333333,3.3333333
204,Poland,2601,SLD,Democratic Left Alliance	Sojusz Lewicy Demokratycznej,2011,http://www.parlgov.org/explore/POL/election/2011-10-09/,8.2,,14369503,1178299,2015.0,http://www.parlgov.org/explore/POL/election/2015-10-25/,3.4,"Coalition SLD, TR (split 7.6% of votes proportional to last election)",15200671.0,516823.0,-4.799999999999999,2.8235295,2.2727272999999997,0.6862743333333317,0.7142853333333328,3.3333333,4.315789700000001,2.7647058999999996,3.0952382000000003,3.1176472,3.6666667
205,Poland,2603,PO,Civic Platform	Platforma Obywatelska,2011,http://www.parlgov.org/explore/POL/election/2011-10-09/,39.2,,14369503,5632845,2015.0,http://www.parlgov.org/explore/POL/election/2015-10-25/,24.1,,15200671.0,3663362.0,-15.100000000000001,1.4117647,1.8636363999999999,0.7843136666666677,0.31746066666666906,4.0,4.5714288,4.5882354,5.3333335,6.2941175000000005,6.714285899999999
206,Poland,2605,PiS,Law and Justice Party	Prawo i Sprawiedliwo__,2011,http://www.parlgov.org/explore/POL/election/2011-10-09/,29.9,,14369503,4296481,2015.0,http://www.parlgov.org/explore/POL/election/2015-10-25/,37.6,,15200671.0,5715452.0,7.700000000000003,7.4705882,8.272727,5.2941175000000005,6.507936333333333,6.1999998,9.7142859,8.470588699999999,9.190476400000001,3.0588236,2.5714285
207,Poland,2606,PSL,Polish People’s Party	Polskie Stronnictwo Ludowe,2011,http://www.parlgov.org/explore/POL/election/2011-10-09/,8.4,,14369503,1207038,2015.0,http://www.parlgov.org/explore/POL/election/2015-10-25/,5.1,,15200671.0,775234.0,-3.3000000000000007,2.4117646,2.8095237999999996,2.5490196666666654,1.9841273333333334,6.375,6.2380953,6.941176400000001,7.2380952999999995,3.4705882000000003,3.8095237999999996
208,Poland,2613,RP,Your Movement (Palikot’s Movement)	Twój Ruch (Ruch Palikota),2011,http://www.parlgov.org/explore/POL/election/2011-10-09/,10.0,,14369503,1436950,2015.0,http://www.parlgov.org/explore/POL/election/2015-10-25/,4.2,"Coalition SLD, TR (split 7.6% of votes proportional to last election)",15200671.0,638428.0,-5.8,5.4117646,4.181818,0.49019583333333294,0.7843136666666677,2.1666667,2.5833333,1.1764706,1.3333334,4.1875,4.5625
209,Poland,2614,KNP,Congress of the New Right	Kongres Nowej Prawicy,2011,http://www.parlgov.org/explore/POL/election/2011-10-09/,1.1,,14369503,158065,2015.0,http://www.parlgov.org/explore/POL/election/2015-10-25/,0.0,,15200671.0,0.0,-1.1,9.470588699999999,9.470588699999999,9.901960666666668,9.901960666666668,8.3999996,8.3999996,8.8235292,8.8235292,9.5882349,9.5882349
210,Poland,2615,PR,Poland Together	Polska Razem,2011,http://www.parlgov.org/explore/POL/election/2011-10-09/,2.2,,14369503,316129,2015.0,http://www.parlgov.org/explore/POL/election/2015-10-25/,0.0,,15200671.0,0.0,-2.2,6.3333335,6.3333335,5.0,5.0,5.625,5.625,7.6875,7.6875,6.666666499999999,6.666666499999999
212,Poland,2617,Kukiz,Kukiz’15	Kukiz’15,2011,http://www.parlgov.org/explore/POL/election/2011-10-09/,0.0,,14369503,0,2015.0,http://www.parlgov.org/explore/POL/election/2015-10-25/,8.8,,15200671.0,1337659.0,8.8,9.045455,9.045455,6.269841166666667,6.269841166666667,9.4761906,9.4761906,8.5238094,8.5238094,5.3000002,5.3000002
213,Poland,2618,Nowo,Nowoczesna	Modern,2011,http://www.parlgov.org/explore/POL/election/2011-10-09/,0.0,,14369503,0,2015.0,http://www.parlgov.org/explore/POL/election/2015-10-25/,7.6,,15200671.0,1155251.0,7.6,2.2380953,2.2380953,0.0,0.0,3.3809524,3.3809524,2.9523808999999996,2.9523808999999996,8.050000200000001,8.050000200000001
214,Poland,2619,Korwin,Wolnosc (Korwin-Mikke)	Liberty (Korwin-Mikke),2011,http://www.parlgov.org/explore/POL/election/2011-10-09/,0.0,,14369503,0,2015.0,http://www.parlgov.org/explore/POL/election/2015-10-25/,4.8,,15200671.0,729632.0,4.8,7.599999900000001,7.599999900000001,9.285714166666667,9.285714166666667,9.722222300000002,9.722222300000002,8.333333,8.333333,9.8000002,9.8000002
215,Poland,2620,Razem,Partia Razem	Together Party,2011,http://www.parlgov.org/explore/POL/election/2011-10-09/,0.0,,14369503,0,2015.0,http://www.parlgov.org/explore/POL/election/2015-10-25/,3.6,,15200671.0,547224.0,3.6,6.619047599999999,6.619047599999999,1.4166664999999998,1.4166664999999998,1.2631578,1.2631578,0.71428573,0.71428573,0.76190478,0.76190478
216,Romania,2701,PSD,Social Democratic Party	Partidul Social Democrat,2012,http://www.parlgov.org/explore/ROU/election/2012-12-09/,32.2,"Coalition PSD, PNL, UNPR (split 58.6% of votes proportional to seats)",7409626,2385900,2016.0,http://www.parlgov.org/explore/ROU/election/2016-12-11/,45.5,,7047384.0,3206560.0,13.299999999999997,2.5384613999999996,2.5384613999999996,1.9607846666666653,1.9607846666666653,4.7142859,4.7142859,7.352941,7.352941,3.5882354,3.5882354
217,Romania,2702,PC,Conservative Party	Partidul Conservator,2012,http://www.parlgov.org/explore/ROU/election/2012-12-09/,2.8,"Coalition PSD, PNL, UNPR (split 58.6% of votes proportional to seats)",7409626,207470,2016.0,http://www.parlgov.org/explore/ROU/election/2016-12-11/,2.8,Coalition ALDE (split 5.6% vote),7047384.0,197327.0,0.0,3.4166667,3.4166667,2.745098333333332,2.745098333333332,5.1999998,5.1999998,7.9375,7.9375,5.0,5.0
218,Romania,2704,PDL,Democratic Liberal Party	Partidul Liberal Democrat,2012,http://www.parlgov.org/explore/ROU/election/2012-12-09/,16.5,,7409626,1222588,2016.0,http://www.parlgov.org/explore/ROU/election/2016-12-11/,0.0,,7047384.0,0.0,-16.5,3.3571428999999995,3.3571428999999995,0.588235000000001,0.588235000000001,4.4285712,4.4285712,5.5882354,5.5882354,7.1764708,7.1764708
219,Romania,2705,PNL,National Liberal Party	Partidul Na_ional Liberal,2012,http://www.parlgov.org/explore/ROU/election/2012-12-09/,21.5,"Coalition PSD, PNL, UNPR (split 58.6% of votes proportional to seats)",7409626,1593070,2016.0,http://www.parlgov.org/explore/ROU/election/2016-12-11/,20.0,,7047384.0,1409477.0,-1.5,2.8571429,2.8571429,0.7843136666666677,0.7843136666666677,4.1428571000000005,4.1428571000000005,5.352941,5.352941,6.647059,6.647059
220,Romania,2706,UDMR,Hungarian Democratic Union of Romania	Uniunea Democrat_a Maghiar_a din România,2012,http://www.parlgov.org/explore/ROU/election/2012-12-09/,5.1,,7409626,377891,2016.0,http://www.parlgov.org/explore/ROU/election/2016-12-11/,6.2,,7047384.0,436938.0,1.1000000000000005,3.5,3.5,1.1764708333333314,1.1764708333333314,4.5999999,4.5999999,5.6875,5.6875,6.125,6.125
221,Romania,2709,UNPR,National Union for the Progress of Romania	Uniunea Nat_ional_a pentru Progresul României,2012,http://www.parlgov.org/explore/ROU/election/2012-12-09/,2.1,"Coalition PSD, PNL, UNPR (split 58.6% of votes proportional to seats)",7409626,155602,2016.0,http://www.parlgov.org/explore/ROU/election/2016-12-11/,0.0,,7047384.0,0.0,-2.1,2.4615386000000004,2.4615386000000004,2.3529409999999995,2.3529409999999995,5.5999999,5.5999999,7.6428571,7.6428571,3.5714285000000006,3.5714285000000006
222,Romania,2710,PP-DD,People’s Party—Dan Diaconescu	Partidul Poporului—Dan Diaconescu,2012,http://www.parlgov.org/explore/ROU/election/2012-12-09/,14.0,,7409626,1037348,2016.0,http://www.parlgov.org/explore/ROU/election/2016-12-11/,0.0,,7047384.0,0.0,-14.0,8.666667,8.666667,4.111111166666666,4.111111166666666,7.166666499999999,7.166666499999999,8.625,8.625,2.5384613999999996,2.5384613999999996
223,Romania,2711,PMP,People’s Movement Party	Partidul Mis_carea Popular_a,2012,http://www.parlgov.org/explore/ROU/election/2012-12-09/,0.0,,7409626,0,2016.0,http://www.parlgov.org/explore/ROU/election/2016-12-11/,5.7,,7047384.0,401701.0,5.7,4.3846154,4.3846154,0.8333333333333321,0.8333333333333321,4.5999999,4.5999999,5.058823599999999,5.058823599999999,7.058823599999999,7.058823599999999
224,Romania,2712,PLR,Liberal Reformist Party	Partidul Liberal Reformator,2012,http://www.parlgov.org/explore/ROU/election/2012-12-09/,0.0,,7409626,0,2016.0,http://www.parlgov.org/explore/ROU/election/2016-12-11/,2.8,Coalition ALDE (split 5.6% vote),7047384.0,197327.0,2.8,2.4166667,2.4166667,1.190476499999999,1.190476499999999,4.0,4.0,5.0,5.0,6.599999900000001,6.599999900000001
225,Slovakia,2802,SDKU-DS,Slovak Democratic and Christian Union	Slovenská demokratická a kres_anská únia— Demokratická strana Democratic Party,2012,http://www.parlgov.org/explore/SVK/election/2012-03-10/,6.1,,2553726,155777,2016.0,http://www.parlgov.org/explore/SVK/election/2016-03-06/,0.3,,2607750.0,7823.0,-5.8,3.4285714999999994,3.4285714999999994,1.0714284999999997,1.0714284999999997,5.181818,5.181818,5.3076925,5.3076925,7.5714288,7.5714288
226,Slovakia,2803,Smer-SD,Direction—Social Democracy	Smer—sociálna demokrçacia,2012,http://www.parlgov.org/explore/SVK/election/2012-03-10/,44.4,,2553726,1133854,2016.0,http://www.parlgov.org/explore/SVK/election/2016-03-06/,28.3,,2607750.0,737993.0,-16.099999999999998,3.7142856,4.2105265,1.4285715000000003,2.083333333333333,6.4615383,8.421052900000001,6.9285712,7.349999900000001,2.5714285,2.9000001
227,Slovakia,2804,SMK-MKP,Party of the Hungarian Coalition	Strana ma_arskej komunity— Magyar Közösség Pártja,2012,http://www.parlgov.org/explore/SVK/election/2012-03-10/,4.3,,2553726,109810,2016.0,http://www.parlgov.org/explore/SVK/election/2016-03-06/,4.1,,2607750.0,106918.0,-0.20000000000000018,4.0,3.5,1.4285715000000003,2.857143166666667,5.0,7.666666499999999,7.5,7.714285899999999,5.7142859,5.75
228,Slovakia,2805,KDH,Christian Democratic Movement	Kres_anskodemokratické hnutie,2012,http://www.parlgov.org/explore/SVK/election/2012-03-10/,8.8,,2553726,224728,2016.0,http://www.parlgov.org/explore/SVK/election/2016-03-06/,4.9,,2607750.0,127780.0,-3.9000000000000004,3.7857144,3.7222223,3.333333333333333,3.1666668333333323,7.615384599999999,7.1875,8.928571699999999,8.050000200000001,6.0,6.0
229,Slovakia,2809,SNS,Slovak National Party	Slovenská národná strana,2012,http://www.parlgov.org/explore/SVK/election/2012-03-10/,4.6,,2553726,117471,2016.0,http://www.parlgov.org/explore/SVK/election/2016-03-06/,8.6,,2607750.0,224267.0,4.0,7.0,5.1052632000000004,7.857142666666666,5.416666666666666,9.3076925,9.368420599999999,9.3571424,8.6000004,4.7692308,4.6999998
230,Slovakia,2812,SaS,Freedom and Solidarity	Sloboda a Solidarita,2012,http://www.parlgov.org/explore/SVK/election/2012-03-10/,5.9,,2553726,150670,2016.0,http://www.parlgov.org/explore/SVK/election/2016-03-06/,12.1,,2607750.0,315538.0,6.199999999999999,5.6428571,5.9444447,6.904761833333334,6.842105333333333,4.5454545,8.894737199999998,2.7857144,4.0500002,8.571428300000001,8.5
231,Slovakia,2813,MH,Bridge	Most-Hid,2012,http://www.parlgov.org/explore/SVK/election/2012-03-10/,6.9,,2553726,176207,2016.0,http://www.parlgov.org/explore/SVK/election/2016-03-06/,6.5,,2607750.0,169504.0,-0.40000000000000036,3.5,2.9473683999999998,0.9523813333333315,1.1666663333333318,5.3636365,5.947368599999999,5.7857141,4.5999999,6.3571429,5.9499998
232,Slovakia,2814,OLaNO,Ordinary People and Independent Personalities	Oby_ajní _udia a nezávislé osobnosti,2012,http://www.parlgov.org/explore/SVK/election/2012-03-10/,8.6,,2553726,219620,2016.0,http://www.parlgov.org/explore/SVK/election/2016-03-06/,11.0,,2607750.0,286853.0,2.4000000000000004,8.5,7.5263157000000005,6.666666666666666,4.649122499999999,7.3636365,8.333333,8.083333,7.6999998,6.5454545,6.6842103
234,Slovakia,2816,Siet,Network	Sie_ Net /,2012,http://www.parlgov.org/explore/SVK/election/2012-03-10/,0.0,,2553726,0,2016.0,http://www.parlgov.org/explore/SVK/election/2016-03-06/,5.6,,2607750.0,146034.0,5.6,5.75,3.75,3.0303033333333333,2.2727275000000002,6.0,5.3333335,7.166666499999999,6.25,7.166666499999999,6.3846154
235,Slovakia,2817,Kotleba LSNS,_udová strana – Naše Slovensko (Marian Kotleba)	People’s Party- Our Slovakia,2012,http://www.parlgov.org/explore/SVK/election/2012-03-10/,0.0,,2553726,0,2016.0,http://www.parlgov.org/explore/SVK/election/2016-03-06/,8.0,,2607750.0,208620.0,8.0,9.4736843,9.4736843,9.75,9.75,9.7894735,9.7894735,9.8000002,9.8000002,5.0714288,5.0714288
236,Slovakia,2818,Sme Rodina,Sme Rodina	We Are Family,2012,http://www.parlgov.org/explore/SVK/election/2012-03-10/,0.0,,2553726,0,2016.0,http://www.parlgov.org/explore/SVK/election/2016-03-06/,6.6,,2607750.0,172112.0,6.6,8.5,8.5,6.754386,6.754386,9.0526314,9.0526314,8.444444699999998,8.444444699999998,6.666666499999999,6.666666499999999
237,Slovenia,2902,SDS,Slovenian Democratic Party	Slovenska Demokratska Stranka,2014,http://www.parlgov.org/explore/SVN/election/2014-07-13/,20.7,,874291,180978,2018.0,http://www.parlgov.org/explore/SVN/election/2018-06-03/,24.9,,891097.0,221883.0,4.199999999999999,6.625,6.625,1.0256409999999985,1.0256409999999985,7.8000002,7.8000002,8.3846149,8.3846149,8.6153851,8.6153851
238,Slovenia,2903,SD,Social Democrats	Socijalni Demokrati,2014,http://www.parlgov.org/explore/SVN/election/2014-07-13/,6.0,,874291,52457,2018.0,http://www.parlgov.org/explore/SVN/election/2018-06-03/,9.9,,891097.0,88219.0,3.9000000000000004,4.1428571000000005,4.1428571000000005,1.9230771666666655,1.9230771666666655,3.3333333,3.3333333,3.5384614,3.5384614,3.4166667,3.4166667
239,Slovenia,2904,SLS,Slovenian People’s Party	Slovenska Ljudska Stranka,2014,http://www.parlgov.org/explore/SVN/election/2014-07-13/,4.0,,874291,34972,2018.0,http://www.parlgov.org/explore/SVN/election/2018-06-03/,2.6,,891097.0,23169.0,-1.4,5.0,5.0,1.5384618333333329,1.5384618333333329,6.4444447,6.4444447,7.0769229000000005,7.0769229000000005,6.3076925,6.3076925
240,Slovenia,2905,NSI,New Slovenia-Christian People’s Party	Nova Slovenija-Kršcanska Ljudska Stranka,2014,http://www.parlgov.org/explore/SVN/election/2014-07-13/,5.6,,874291,48960,2018.0,http://www.parlgov.org/explore/SVN/election/2018-06-03/,7.2,,891097.0,64159.0,1.6000000000000005,5.875,5.875,0.897436166666667,0.897436166666667,7.4444447,7.4444447,8.3076925,8.3076925,8.0769234,8.0769234
241,Slovenia,2906,DeSUS,Democratic Party of Pensioners of Slovenia	Demokrati_na Stranka Upokojencev Slovenije,2014,http://www.parlgov.org/explore/SVN/election/2014-07-13/,10.2,,874291,89178,2018.0,http://www.parlgov.org/explore/SVN/election/2018-06-03/,4.9,,891097.0,43664.0,-5.299999999999999,4.5,4.5,2.0512819999999996,2.0512819999999996,4.5,4.5,5.3076925,5.3076925,4.0,4.0
242,Slovenia,2911,SMC,Party of Miro Cerar	Stranka Mira Cerarja,2014,http://www.parlgov.org/explore/SVN/election/2014-07-13/,34.5,,874291,301630,2018.0,http://www.parlgov.org/explore/SVN/election/2018-06-03/,9.8,,891097.0,87328.0,-24.7,4.7142859,4.7142859,0.9722224999999991,0.9722224999999991,3.5,3.5,4.3846154,4.3846154,5.3846154,5.3846154
243,Slovenia,2912,ZL,United Left	Združena Levica,2014,http://www.parlgov.org/explore/SVN/election/2014-07-13/,6.0,,874291,52457,2018.0,http://www.parlgov.org/explore/SVN/election/2018-06-03/,9.3,,891097.0,82872.0,3.3000000000000007,6.75,6.75,5.512820499999998,5.512820499999998,1.2222222,1.2222222,1.3076923,1.3076923,0.66666669,0.66666669
244,Slovenia,2913,ZaAB,Alliance of Alenka Bratušek	Zavezništvo Alenke Bratušek,2014,http://www.parlgov.org/explore/SVN/election/2014-07-13/,4.4,,874291,38469,2018.0,http://www.parlgov.org/explore/SVN/election/2018-06-03/,5.1,,891097.0,45446.0,0.6999999999999993,4.25,4.25,0.6944441666666652,0.6944441666666652,2.7777777,2.7777777,3.3333333,3.3333333,4.6923075,4.6923075
245,Slovenia,2914,PS,Positive Slovenia	Pozitivna Slovenija,2014,http://www.parlgov.org/explore/SVN/election/2014-07-13/,3.0,,874291,26229,2018.0,http://www.parlgov.org/explore/SVN/election/2018-06-03/,0.0,,891097.0,0.0,-3.0,4.625,4.625,1.5384618333333329,1.5384618333333329,2.7777777,2.7777777,3.4615386,3.4615386,4.1538463,4.1538463
246,Croatia,3101,HDZ,Croatian Democratic Union	Hrvatska Demokratska Zajednica,2011,http://www.parlgov.org/explore/HRV/election/2011-12-04/,23.5,,2332604,548162,2016.0,http://www.parlgov.org/explore/hrv/election/2016-09-11/,31.2,"Coalition HDZ, HSLS (split 35.2% of votes proportional to last election)",1978298.0,617229.0,7.699999999999999,2.7777777,2.7777777,1.296296166666668,1.296296166666668,7.1428571,7.1428571,8.25,8.25,5.3333335,5.3333335
247,Croatia,3102,SDP,Social Democratic Party of Croatia	Socialdemokratska Partija Hrvatske,2011,http://www.parlgov.org/explore/HRV/election/2011-12-04/,28.5,"Coalition SDP, HNS, IDS (split 41.1% of votes proportional to seats)",2332604,664792,2016.0,http://www.parlgov.org/explore/hrv/election/2016-09-11/,26.1,"Coalition SPH, HNS, HSS (split 32.2% of votes proportional to last election)",1978298.0,516336.0,-2.3999999999999986,1.7777778000000002,1.7777778000000002,0.7407411666666661,0.7407411666666661,3.7142856,3.7142856,2.25,2.25,4.777777700000001,4.777777700000001
248,Croatia,3103,HSS,Peasant Party	Hrvatska Selja_ka Stranka Croatian,2011,http://www.parlgov.org/explore/HRV/election/2011-12-04/,0.6,,2332604,13996,2016.0,http://www.parlgov.org/explore/hrv/election/2016-09-11/,0.5,"Coalition SPH, HNS, HSS (split 32.2% of votes proportional to last election)",1978298.0,9891.0,-0.09999999999999998,3.8571428999999995,3.8571428999999995,3.333333333333333,3.333333333333333,8.0,8.0,8.75,8.75,3.875,3.875
249,Croatia,3104,HSLS,Croatian Social Liberal Party	Hrvatska Socijalno Liberalna Stranka,2011,http://www.parlgov.org/explore/HRV/election/2011-12-04/,3.0,,2332604,69978,2016.0,http://www.parlgov.org/explore/hrv/election/2016-09-11/,4.0,"Coalition HDZ, HSLS (split 35.2% of votes proportional to last election)",1978298.0,79132.0,1.0,2.875,2.875,1.111110833333333,1.111110833333333,4.2857141,4.2857141,3.25,3.25,7.111111200000001,7.111111200000001
250,Croatia,3105,HNS,Croatian People’s Party—Liberal Democrats	Hrvatska Narodna Stranka—Liberalni Demokrati,2011,http://www.parlgov.org/explore/HRV/election/2011-12-04/,6.1,"Coalition SDP, HNS, IDS (split 41.1% of votes proportional to seats)",2332604,142289,2016.0,http://www.parlgov.org/explore/hrv/election/2016-09-11/,5.6,"Coalition SPH, HNS, HSS (split 32.2% of votes proportional to last election)",1978298.0,110785.0,-0.5,1.4444443999999999,1.4444443999999999,0.0,0.0,3.0,3.0,1.75,1.75,6.1111112,6.1111112
251,Croatia,3106,IDS,Democratic Assembly	Istarski Demokratski Sabor Istrian,2011,http://www.parlgov.org/explore/HRV/election/2011-12-04/,1.4,"Coalition SDP, HNS, IDS (split 41.1% of votes proportional to seats)",2332604,32656,2016.0,http://www.parlgov.org/explore/hrv/election/2016-09-11/,2.2,,1978298.0,43523.0,0.8000000000000003,2.1111112000000003,2.1111112000000003,0.37037049999999816,0.37037049999999816,3.0,3.0,1.875,1.875,5.3333335,5.3333335
252,Croatia,3107,HDSSB,Croatian Democratic Assembly of Slavonija and Baranja	Hrvatski Demokrtski Sabor Slavonije i Baranje,2011,http://www.parlgov.org/explore/HRV/election/2011-12-04/,3.0,,2332604,69978,2016.0,http://www.parlgov.org/explore/hrv/election/2016-09-11/,1.2,,1978298.0,23740.0,-1.8,6.777777700000001,6.777777700000001,3.75,3.75,7.5,7.5,8.625,8.625,5.0,5.0
253,Croatia,3109,HSP,Croatian Party of Rights	Hrvatska Stranka Prava,2011,http://www.parlgov.org/explore/HRV/election/2011-12-04/,3.0,,2332604,69978,2016.0,http://www.parlgov.org/explore/hrv/election/2016-09-11/,0.0,,1978298.0,0.0,-3.0,6.714285899999999,6.714285899999999,6.904761833333334,6.904761833333334,8.666667,8.666667,9.375,9.375,4.7142859,4.7142859
254,Croatia,3112,HL-SR,Labourists–Labour Party	Hrvatski Laburisti–Stranka Rada Croatian,2011,http://www.parlgov.org/explore/HRV/election/2011-12-04/,4.2,,2332604,97969,2016.0,http://www.parlgov.org/explore/hrv/election/2016-09-11/,0.0,,1978298.0,0.0,-4.2,7.888888799999999,7.888888799999999,2.407407833333333,2.407407833333333,3.8571428999999995,3.8571428999999995,2.125,2.125,2.0,2.0
255,Croatia,3113,HSP-AS,Croatian Party of Rights dr. Ante Starcevic	Hrvatska stranka prava dr. Ante Star_evi_,2011,http://www.parlgov.org/explore/HRV/election/2011-12-04/,0.6,,2332604,13996,2016.0,http://www.parlgov.org/explore/hrv/election/2016-09-11/,0.0,,1978298.0,0.0,-0.6,7.75,7.75,5.625,5.625,8.7142859,8.7142859,9.25,9.25,4.75,4.75
257,Turkey,3401,AKP,Justice and Development Party	Adalet ve Kalkinma Partisi,2011,http://www.parlgov.org/explore/TUR/election/2011-06-12/,49.8,,42941763,21384998,2018.0,http://www.parlgov.org/explore/TUR/election/2018-06-24/,42.6,,50059249.0,21325240.0,-7.199999999999996,7.400000099999999,7.400000099999999,5.909090833333333,5.909090833333333,2.8888887999999997,2.8888887999999997,9.6000004,9.6000004,7.333333500000001,7.333333500000001
258,Turkey,3402,CHP,Republican People’s Party	Cumhuriyet Halk Patisi,2011,http://www.parlgov.org/explore/TUR/election/2011-06-12/,26.0,,42941763,11164858,2018.0,http://www.parlgov.org/explore/TUR/election/2018-06-24/,22.7,,50059249.0,11363450.0,-3.3000000000000007,3.5,3.5,3.0303033333333333,3.0303033333333333,4.5,4.5,3.9000001,3.9000001,3.3333333,3.3333333
259,Turkey,3403,MHP,Nationalist Movement Party	Milliyetci Hareket Partisi,2011,http://www.parlgov.org/explore/TUR/election/2011-06-12/,13.0,,42941763,5582429,2018.0,http://www.parlgov.org/explore/TUR/election/2018-06-24/,11.1,,50059249.0,5556577.0,-1.9000000000000004,4.0,4.0,7.878787833333334,7.878787833333334,7.0,7.0,9.1000004,9.1000004,5.6666665,5.6666665
260,Turkey,3407,HDP,Peoples’ Democratic Party	Halklarin Demokratik Partisi,2011,http://www.parlgov.org/explore/TUR/election/2011-06-12/,0.0,,42941763,0,2018.0,http://www.parlgov.org/explore/TUR/election/2018-06-24/,11.7,,50059249.0,5856932.0,11.7,6.6999998,6.6999998,1.3636366666666664,1.3636366666666664,2.6666667,2.6666667,2.4000001,2.4000001,1.7777778000000002,1.7777778000000002
261,Norway,3501,AP,Labour Party	Arbeiderpartiet,2013,http://www.parlgov.org/explore/NOR/election/2013-09-09/,30.8,,2836029,873497,2017.0,http://www.parlgov.org/explore/NOR/election/2017-09-11/,27.4,,2921657.0,800534.0,-3.400000000000002,2.0,2.0,2.083333333333333,2.083333333333333,5.3333335,5.3333335,3.25,3.25,3.75,3.75
262,Norway,3502,FrP,Progress Party	Fremskrittspartiet,2013,http://www.parlgov.org/explore/NOR/election/2013-09-09/,16.3,,2836029,462273,2017.0,http://www.parlgov.org/explore/NOR/election/2017-09-11/,15.2,,2921657.0,444092.0,-1.1000000000000014,6.666666499999999,6.666666499999999,5.833333333333333,5.833333333333333,9.0,9.0,7.5,7.5,7.5,7.5
263,Norway,3503,H,Conservative Party	Høyre,2013,http://www.parlgov.org/explore/NOR/election/2013-09-09/,25.8,,2836029,731695,2017.0,http://www.parlgov.org/explore/NOR/election/2017-09-11/,25.0,,2921657.0,730414.0,-0.8000000000000007,2.0,2.0,0.8333333333333321,0.8333333333333321,6.3333335,6.3333335,5.0,5.0,7.25,7.25
264,Norway,3504,SV,Socialist Left Party	Sosialistisk Venstreparti,2013,http://www.parlgov.org/explore/NOR/election/2013-09-09/,4.1,,2836029,116277,2017.0,http://www.parlgov.org/explore/NOR/election/2017-09-11/,6.0,,2921657.0,175299.0,1.9000000000000004,6.3333335,6.3333335,9.166666666666666,9.166666666666666,2.0,2.0,2.0,2.0,1.5,1.5
265,Norway,3505,Sp,Centre Party	Senterpartiet,2013,http://www.parlgov.org/explore/NOR/election/2013-09-09/,5.5,,2836029,155982,2017.0,http://www.parlgov.org/explore/NOR/election/2017-09-11/,10.3,,2921657.0,300931.0,4.800000000000001,4.6666665,4.6666665,9.583333333333334,9.583333333333334,5.6666665,5.6666665,6.25,6.25,4.5,4.5
266,Norway,3506,KrF,Christian Democratic Party	Kristelig Folkeparti,2013,http://www.parlgov.org/explore/NOR/election/2013-09-09/,5.6,,2836029,158818,2017.0,http://www.parlgov.org/explore/NOR/election/2017-09-11/,4.2,,2921657.0,122710.0,-1.3999999999999995,3.6666667,3.6666667,7.083333333333333,7.083333333333333,3.0,3.0,8.25,8.25,5.25,5.25
267,Norway,3507,V,Liberal Party	Venstre,2013,http://www.parlgov.org/explore/NOR/election/2013-09-09/,5.2,,2836029,147474,2017.0,http://www.parlgov.org/explore/NOR/election/2017-09-11/,4.4,,2921657.0,128553.0,-0.7999999999999998,3.6666667,3.6666667,5.833333333333333,5.833333333333333,2.3333333,2.3333333,2.5,2.5,6.75,6.75
268,Norway,3508,MDG,Green Party	Miljøpartiet De Grønne,2013,http://www.parlgov.org/explore/NOR/election/2013-09-09/,2.8,,2836029,79409,2017.0,http://www.parlgov.org/explore/NOR/election/2017-09-11/,3.2,,2921657.0,93493.0,0.40000000000000036,7.0,7.0,9.166666666666666,9.166666666666666,2.0,2.0,3.0,3.0,2.25,2.25
269,Switzerland,3601,SVP/UDC,Swiss People’s Party	Swiss People’s Party,2011,http://www.parlgov.org/explore/CHE/election/2011-10-23/,26.6,,2442648,649744,2017.0,http://www.parlgov.org/explore/CHE/election/2015-10-18/,29.4,,2521502.0,741322.0,2.799999999999997,8.375,8.375,10.0,10.0,8.625,8.625,9.375,9.375,7.5,7.5
270,Switzerland,3602,SP/PS,Social Democratic Party of Switzerland	Social Democratic Party of Switzerland,2011,http://www.parlgov.org/explore/CHE/election/2011-10-23/,18.7,,2442648,456775,2017.0,http://www.parlgov.org/explore/CHE/election/2015-10-18/,18.8,,2521502.0,474042.0,0.10000000000000142,3.25,3.25,1.481481333333333,1.481481333333333,3.25,3.25,1.625,1.625,2.0,2.0
271,Switzerland,3603,FDP/PLR,FDP. The Liberals	FDP. The Liberals,2011,http://www.parlgov.org/explore/CHE/election/2011-10-23/,15.1,,2442648,368840,2017.0,http://www.parlgov.org/explore/CHE/election/2015-10-18/,16.4,,2521502.0,413526.0,1.299999999999999,2.875,2.875,5.3703705,5.3703705,6.25,6.25,4.75,4.75,7.875,7.875
272,Switzerland,3604,CVP/PVC,Christian Democratic People’s Party	Christian Democratic People’s Party,2011,http://www.parlgov.org/explore/CHE/election/2011-10-23/,12.3,,2442648,300446,2017.0,http://www.parlgov.org/explore/CHE/election/2015-10-18/,11.7,,2521502.0,295016.0,-0.6000000000000014,3.0,3.0,5.5555555,5.5555555,6.125,6.125,6.5,6.5,5.625,5.625
273,Switzerland,3605,GPS/PES,Green Party	Green Party,2011,http://www.parlgov.org/explore/CHE/election/2011-10-23/,8.4,,2442648,205182,2017.0,http://www.parlgov.org/explore/CHE/election/2015-10-18/,7.1,,2521502.0,179027.0,-1.3000000000000007,3.25,3.25,2.407407833333333,2.407407833333333,2.625,2.625,1.125,1.125,1.75,1.75
274,Switzerland,3606,GLP/PVL,Green Liberal Party	Green Liberal Party,2011,http://www.parlgov.org/explore/CHE/election/2011-10-23/,5.4,,2442648,131903,2017.0,http://www.parlgov.org/explore/CHE/election/2015-10-18/,4.6,,2521502.0,115989.0,-0.8000000000000007,3.375,3.375,3.333333333333333,3.333333333333333,3.8571428999999995,3.8571428999999995,2.75,2.75,6.75,6.75
275,Switzerland,3607,EVP/PEV,Evangelical People’s Party	Evangelical People’s Party,2011,http://www.parlgov.org/explore/CHE/election/2011-10-23/,2.0,,2442648,48853,2017.0,http://www.parlgov.org/explore/CHE/election/2015-10-18/,2.1,,2521502.0,52952.0,0.10000000000000009,3.5999999,3.5999999,5.5555555,5.5555555,5.75,5.75,7.375,7.375,4.875,4.875
276,Switzerland,3608,EDU/UDF,Federal Democratic Union	Federal Democratic Union,2011,http://www.parlgov.org/explore/CHE/election/2011-10-23/,1.3,,2442648,31754,2017.0,http://www.parlgov.org/explore/CHE/election/2015-10-18/,0.0,,2521502.0,0.0,-1.3,6.25,6.25,8.958333333333334,8.958333333333334,7.625,7.625,9.125,9.125,5.8333335,5.8333335
277,Switzerland,3610,LdT,Ticino League	Ticino League,2011,http://www.parlgov.org/explore/CHE/election/2011-10-23/,0.8,,2442648,19541,2017.0,http://www.parlgov.org/explore/CHE/election/2015-10-18/,0.0,,2521502.0,0.0,-0.8,7.0,7.0,9.166666666666666,9.166666666666666,8.375,8.375,8.25,8.25,4.5714288,4.5714288
279,Switzerland,3612,BDP,Conservative Democratic Party	Conservative Democratic Party,2011,http://www.parlgov.org/explore/CHE/election/2011-10-23/,5.4,,2442648,131903,2017.0,http://www.parlgov.org/explore/CHE/election/2015-10-18/,4.1,,2521502.0,103382.0,-1.3000000000000007,3.0,3.0,5.625,5.625,6.125,6.125,6.75,6.75,6.25,6.25
280,Malta,3701,PL,Labour Party	Partit Laburista,2013,http://www.parlgov.org/explore/mlt/election/2013-03-09/,54.8,,305556,167445,2017.0,http://www.parlgov.org/explore/mlt/election/2017-06-03/,55.0,,310665.0,170866.0,0.20000000000000284,3.3333333,3.3333333,2.3333334999999993,2.3333334999999993,8.5,8.5,2.25,2.25,5.25,5.25
281,Malta,3702,PN,Nationalist Party	Partit Nazzjonalista,2013,http://www.parlgov.org/explore/mlt/election/2013-03-09/,43.3,,305556,132306,2017.0,http://www.parlgov.org/explore/mlt/election/2017-06-03/,43.7,,310665.0,135761.0,0.4000000000000057,4.3333335,4.3333335,0.0,0.0,6.75,6.75,4.75,4.75,6.25,6.25
