country,party_id,party_abbrev,party_name_english,previous_election_date,previous_election_source,previous_election_share,previous_election_notes,previous_election_total_votes,previous_election_party_votes,latest_election,latest_election_source,latest_election_share,latest_election_notes,last_election_total_votes,last_election_party_votes
Belgium,102,PS,"Socialist Party	Parti Socialiste",2014,http://www.parlgov.org/explore/BEL/election/2014-05-25/,11.7,,6744547,789112,,,,,,
Belgium,103,SPA,"Socialist Party Different	Socialistische Partij Anders",2014,http://www.parlgov.org/explore/BEL/election/2014-05-25/,8.8,,6744547,593520,,,,,,
Belgium,104,ECOLO,"Ecolo	Ecolo",2014,http://www.parlgov.org/explore/BEL/election/2014-05-25/,3.3,,6744547,222570,,,,,,
Belgium,105,Groen,"Green	Groen",2014,http://www.parlgov.org/explore/BEL/election/2014-05-25/,5.3,,6744547,357461,,,,,,
Belgium,106,MR,"Reformist Movement	Mouvement Réformateur",2014,http://www.parlgov.org/explore/BEL/election/2014-05-25/,9.6,,6744547,647477,,,,,,
Belgium,107,VLD,"Open Flemish Liberals and Democrats	Open Vlaamse Liberalen en Democraten",2014,http://www.parlgov.org/explore/BEL/election/2014-05-25/,9.8,,6744547,660966,,,,,,
Belgium,108,cdH,"Humanist Democratic Centre	Centre Démocrate Humaniste",2014,http://www.parlgov.org/explore/BEL/election/2014-05-25/,5,,6744547,337227,,,,,,
Belgium,109,CD&V,"Christian Democratic and Flemish	Christen-Democratisch en Vlaams",2014,http://www.parlgov.org/explore/BEL/election/2014-05-25/,11.6,,6744547,782367,,,,,,
Belgium,110,N-VA,"New Flemish Alliance	Nieuw-Vlaamse Alliantie",2014,http://www.parlgov.org/explore/BEL/election/2014-05-25/,20.3,,6744547,1369143,,,,,,
Belgium,111,FDF,"Francophone Democratic Federalists	Fédéralistes Démocrates Francophones",2014,http://www.parlgov.org/explore/BEL/election/2014-05-25/,1.8,,6744547,121402,,,,,,
Belgium,112,VB,"Flemish Interest	Vlaams Belang",2014,http://www.parlgov.org/explore/BEL/election/2014-05-25/,3.7,,6744547,249548,,,,,,
Belgium,119,PVDA,"Workers’ Party of Belgium	Partij van de Arbeid van België",2014,http://www.parlgov.org/explore/BEL/election/2014-05-25/,3.7,,6744547,249548,,,,,,
Belgium,120,PP,"People’s Party	Parti Populaire",2014,http://www.parlgov.org/explore/BEL/election/2014-05-25/,1.5,,6744547,101168,,,,,,
Denmark,201,SD,"Social Democrats	Socialdemokraterne",2011,http://www.parlgov.org/explore/DNK/election/2011-09-15/,24.5,,3545368,868615,2015,http://www.parlgov.org/explore/DNK/election/2015-06-18/,25.7,,3560060,914935
Denmark,202,RV,"Danish Social Liberal Party	Det Radikale Venstre",2011,http://www.parlgov.org/explore/DNK/election/2011-09-15/,9.4,,3545368,333265,2015,http://www.parlgov.org/explore/DNK/election/2015-06-18/,4.5,,3560060,160203
Denmark,203,KF,"Conservative People’s Party	Det Konservative Folksparti",2011,http://www.parlgov.org/explore/DNK/election/2011-09-15/,4.9,,3545368,173723,2015,http://www.parlgov.org/explore/DNK/election/2015-06-18/,3.3,,3560060,117482
Denmark,206,SF,"Socialist People’s Party	Socialistisk Folkeparti",2011,http://www.parlgov.org/explore/DNK/election/2011-09-15/,9.1,,3545368,322628,2015,http://www.parlgov.org/explore/DNK/election/2015-06-18/,4.1,,3560060,145962
Denmark,211,V,"Liberal Party of Denmark	Venstre, Danmarks Liberale Parti Venstre",2011,http://www.parlgov.org/explore/DNK/election/2011-09-15/,26.4,,3545368,935977,2015,http://www.parlgov.org/explore/DNK/election/2015-06-18/,19,,3560060,676411
Denmark,213,EL,"Red-Green Alliance	Enhedslisten—De Rød-Grønne",2011,http://www.parlgov.org/explore/DNK/election/2011-09-15/,6.6,,3545368,233994,2015,http://www.parlgov.org/explore/DNK/election/2015-06-18/,7.6,,3560060,270565
Denmark,215,DF,"Danish People’s Party	Dansk Folkeparti",2011,http://www.parlgov.org/explore/DNK/election/2011-09-15/,12.2,,3545368,432535,2015,http://www.parlgov.org/explore/DNK/election/2015-06-18/,20.6,,3560060,733372
Denmark,217,FolkB,"People’s Movement Against the EU	Folkebevægelsen mod EU",2011,http://www.parlgov.org/explore/DNK/election/2011-09-15/,0,,3545368,0,2015,http://www.parlgov.org/explore/DNK/election/2015-06-18/,0,,3560060,0
Denmark,218,LA,"Liberal Alliance	Liberal Alliance",2011,http://www.parlgov.org/explore/DNK/election/2011-09-15/,4.9,,3545368,173723,2015,http://www.parlgov.org/explore/DNK/election/2015-06-18/,7.4,,3560060,263444
Germany,301,CDU,"Christian Democratic Union of Germany	Christlich Demokratische Union Deutschlands",2013,http://www.parlgov.org/explore/DEU/election/2013-09-22/,34.1,,43726856,14910858,2017,http://www.parlgov.org/explore/DEU/election/2017-09-24/,26.8,,46515492,12466152
Germany,302,SPD,"Social Democratic Party of Germany	Sozialdemokratische Partei Deutschlands",2013,http://www.parlgov.org/explore/DEU/election/2013-09-22/,25.7,,43726856,11237802,2017,http://www.parlgov.org/explore/DEU/election/2017-09-24/,20.5,,46515492,9535676
Germany,303,FDP,"Free Democratic Party	Freie Demokratische Partei",2013,http://www.parlgov.org/explore/DEU/election/2013-09-22/,4.8,,43726856,2098889,2017,http://www.parlgov.org/explore/DEU/election/2017-09-24/,10.7,,46515492,4977158
Germany,304,Grunen,"Alliance ’90/The Greens	Bündnis 90/Die Grünen",2013,http://www.parlgov.org/explore/DEU/election/2013-09-22/,8.4,,43726856,3673056,2017,http://www.parlgov.org/explore/DEU/election/2017-09-24/,8.9,,46515492,4139879
Germany,306,Linke,"The Left	Die Linke",2013,http://www.parlgov.org/explore/DEU/election/2013-09-22/,8.6,,43726856,3760510,2017,http://www.parlgov.org/explore/DEU/election/2017-09-24/,9.2,,46515492,4279425
Germany,308,CSU,"Christian Social Union in Bavaria	Christlich Soziale Union in Bayern",2013,http://www.parlgov.org/explore/DEU/election/2013-09-22/,7.4,,43726856,3235787,2017,http://www.parlgov.org/explore/DEU/election/2017-09-24/,6.2,,46515492,2883961
Germany,309,NPD,"National Democratic Party of Germany	Nationaldemokratische Partei Deutschlands",2013,http://www.parlgov.org/explore/DEU/election/2013-09-22/,1.3,,43726856,568449,2017,http://www.parlgov.org/explore/DEU/election/2017-09-24/,0,,46515492,0
Germany,310,AfD,"Alternative for Germany	Alternative für Deutschland",2013,http://www.parlgov.org/explore/DEU/election/2013-09-22/,4.7,,43726856,2055162,2017,http://www.parlgov.org/explore/DEU/election/2017-09-24/,12.6,,46515492,5860952
Germany,311,Piraten,"Pirate Party of Germany	Piratenpartei Deutschland",2013,http://www.parlgov.org/explore/DEU/election/2013-09-22/,2.2,,43726856,961991,2017,http://www.parlgov.org/explore/DEU/election/2017-09-24/,0,,46515492,0
Germany,312,DieTier,"Human Environment Animal Protection	Mensch Umwelt Tierschutz",2013,http://www.parlgov.org/explore/DEU/election/2013-09-22/,0,,43726856,0,2017,http://www.parlgov.org/explore/DEU/election/2017-09-24/,0,,46515492,0
Germany,350,LKR,"Liberal-Konservative Reformer	Liberal Conservative Party",2013,http://www.parlgov.org/explore/DEU/election/2013-09-22/,0,,43726856,0,2017,http://www.parlgov.org/explore/DEU/election/2017-09-24/,0,,46515492,0
Germany,351,BLAU,"Die Blaue Partei	The Blue Party",2013,http://www.parlgov.org/explore/DEU/election/2013-09-22/,0,,43726856,0,2017,http://www.parlgov.org/explore/DEU/election/2017-09-24/,0,,46515492,0
Greece,401,PASOK,"Panhellenic Socialist Movement	Panellinio Sosialistikó Kínima",2012,http://www.parlgov.org/explore/GRC/election/2012-06-17/,12.3,,6155665,757147,2015,http://www.parlgov.org/explore/GRC/election/2015-09-20/,4.2,"Coalition PASOK, DIMAR (split 6.3% votes proportional to last election)",5431850,168387
Greece,402,ND,"New Democracy	Néa Dimokratía",2012,http://www.parlgov.org/explore/GRC/election/2012-06-17/,29.7,,6155665,1828233,2015,http://www.parlgov.org/explore/GRC/election/2015-09-20/,28.1,,5431850,1526350
Greece,403,SYRIZA,"Coalition of the Radical Left	Synaspismós Rizospastikís Aristerás",2012,http://www.parlgov.org/explore/GRC/election/2012-06-17/,26.9,,6155665,1655874,2015,http://www.parlgov.org/explore/GRC/election/2015-09-20/,35.5,,5431850,1928307
Greece,404,KKE,"Communist Party of Greece	Kommounistikó Kómma Elládas",2012,http://www.parlgov.org/explore/GRC/election/2012-06-17/,4.5,,6155665,277005,2015,http://www.parlgov.org/explore/GRC/election/2015-09-20/,5.6,,5431850,304184
Greece,410,LAOS,"Popular Orthodox Rally	Laïkós Orthódoxos Synagermós",2012,http://www.parlgov.org/explore/GRC/election/2012-06-17/,0,,6155665,0,2015,http://www.parlgov.org/explore/GRC/election/2015-09-20/,0,,5431850,0
Greece,412,ANEL,"Independent Greeks	Anexartitoi Ellines",2012,http://www.parlgov.org/explore/GRC/election/2012-06-17/,7.5,,6155665,461675,2015,http://www.parlgov.org/explore/GRC/election/2015-09-20/,3.7,,5431850,200978
Greece,413,Potami,"The River	To Potami",2012,http://www.parlgov.org/explore/GRC/election/2012-06-17/,0,,6155665,0,2015,http://www.parlgov.org/explore/GRC/election/2015-09-20/,4.1,,5431850,222706
Greece,414,DIMAR,"Democratic Left	Dimokratiki Aristera",2012,http://www.parlgov.org/explore/GRC/election/2012-06-17/,6.3,,6155665,387807,2015,http://www.parlgov.org/explore/GRC/election/2015-09-20/,2.1,"Coalition PASOK, DIMAR (split 6.3% votes proportional to last election)",5431850,168387
Greece,415,XA,"Popular Association—Golden Dawn	Laïkós Sýndesmos—Chrysí Avgí",2012,http://www.parlgov.org/explore/GRC/election/2012-06-17/,6.9,,6155665,424741,2015,http://www.parlgov.org/explore/GRC/election/2015-09-20/,7,,5431850,380230
Greece,450,EK,"Enosi Kentroon	Union of Centrists",2012,http://www.parlgov.org/explore/GRC/election/2012-06-17/,0,,6155665,0,2015,http://www.parlgov.org/explore/GRC/election/2015-09-20/,3.4,,5431850,184683
Spain,501,PSOE,"Spanish Socialist Workers’ Party	Partido Socialista Obrero Español",2011,http://www.parlgov.org/explore/ESP/election/2011-11-20/,29.1,Coalition PSC-PSOE,24015425,6988489,2016,http://www.parlgov.org/explore/ESP/election/2016-06-26/,22.7,,23935195,5433289
Spain,502,PP,"People’s Party	Partido Popular",2011,http://www.parlgov.org/explore/ESP/election/2011-11-20/,41.9,,24015425,10062463,2016,http://www.parlgov.org/explore/ESP/election/2016-06-26/,33,,23935195,7898614
Spain,504,IU,"United Left	Izquierda Unida",2011,http://www.parlgov.org/explore/ESP/election/2011-11-20/,7,Coalition CIP,24015425,1681080,2016,http://www.parlgov.org/explore/ESP/election/2016-06-26/,0,,23935195,0
Spain,505,CiU,"Convergence and Union	Convergència i Unió",2011,http://www.parlgov.org/explore/ESP/election/2011-11-20/,4.2,,24015425,1008648,2016,http://www.parlgov.org/explore/ESP/election/2016-06-26/,0,,23935195,0
Spain,506,EAJ/PNV,"Basque Nationalist Party	Euzko Alderdi Jeltzalea/ Partido Nacionalista Vasco",2011,http://www.parlgov.org/explore/ESP/election/2011-11-20/,1.4,,24015425,336216,2016,http://www.parlgov.org/explore/ESP/election/2016-06-26/,1.2,,23935195,287222
Spain,507,EA,"Basque Solidarity	Eusko Alkartasuna",2011,http://www.parlgov.org/explore/ESP/election/2011-11-20/,1.4,,24015425,336216,2016,http://www.parlgov.org/explore/ESP/election/2016-06-26/,0,,23935195,0
Spain,511,ERC,"Republican Left of Catalonia	Esquerra Republicana de Catalunya",2011,http://www.parlgov.org/explore/ESP/election/2011-11-20/,1.1,,24015425,264170,2016,http://www.parlgov.org/explore/ESP/election/2016-06-26/,2.6,,23935195,622315
Spain,513,BNG,"Galician Nationalist Bloc	Bloque Nacionalista Galego",2011,http://www.parlgov.org/explore/ESP/election/2011-11-20/,0.8,,24015425,192123,2016,http://www.parlgov.org/explore/ESP/election/2016-06-26/,0.2,,23935195,47870
Spain,517,CC,"Canarian Coalition	Coalición Canaria",2011,http://www.parlgov.org/explore/ESP/election/2011-11-20/,0.6,,24015425,144093,2016,http://www.parlgov.org/explore/ESP/election/2016-06-26/,0.3,,23935195,71806
Spain,518,ICV,"Initiative for Catalonia Greens	Iniciativa per Catalunya Verds",2011,http://www.parlgov.org/explore/ESP/election/2011-11-20/,0,,24015425,0,2016,http://www.parlgov.org/explore/ESP/election/2016-06-26/,0,,23935195,0
Spain,523,UpyD,"Union, Progress and Democracy	Unión, Progreso y Democracia",2011,http://www.parlgov.org/explore/ESP/election/2011-11-20/,4.8,,24015425,1152740,2016,http://www.parlgov.org/explore/ESP/election/2016-06-26/,0.2,,23935195,47870
Spain,524,Amaiur,"Amaiur	Amaiur",2011,http://www.parlgov.org/explore/ESP/election/2011-11-20/,0,,24015425,0,2016,http://www.parlgov.org/explore/ESP/election/2016-06-26/,0,,23935195,0
Spain,525,Podemos,"We Can	Podemos",2011,http://www.parlgov.org/explore/ESP/election/2011-11-20/,0,,24015425,0,2016,http://www.parlgov.org/explore/ESP/election/2016-06-26/,21.1,"Coalition ECP, EeM, EM",23935195,5050326
Spain,526,C's,"Citizens—Party of the Citizenry	Ciudadanos—Partido de la Ciudadanía",2011,http://www.parlgov.org/explore/ESP/election/2011-11-20/,0,,24015425,0,2016,http://www.parlgov.org/explore/ESP/election/2016-06-26/,13.1,,23935195,3135511
Spain,550,CDC/PDeCAT,"Convergència Democràtica de Catalunya/ Partit Demòcrata Europeu Català	Democratic Convergence of Catalonia/ Catalan European Democratic Party",2011,http://www.parlgov.org/explore/ESP/election/2011-11-20/,0,,24015425,0,2016,http://www.parlgov.org/explore/ESP/election/2016-06-26/,2,,23935195,478704
France,601,PCF,"French Communist Party	Parti Communiste Français",2012,http://www.parlgov.org/explore/FRA/election/2012-06-17/,6.9,Rename FdG,25952859,1790747,2017,http://www.parlgov.org/explore/FRA/election/2017-06-18/,2.7,Rename FdG,22654164,611662
France,602,PS,"Socialist Party	Parti Socialiste",2012,http://www.parlgov.org/explore/FRA/election/2012-06-17/,29.4,,25952859,7630141,2017,http://www.parlgov.org/explore/FRA/election/2017-06-18/,7.4,,22654164,1676408
France,603,PRG,"Radical Party of the Left	Parti Radical de Gauche",2012,http://www.parlgov.org/explore/FRA/election/2012-06-17/,1.7,,25952859,441199,2017,http://www.parlgov.org/explore/FRA/election/2017-06-18/,0.5,,22654164,113271
France,605,EELV,"Europe Ecology—The Greens	Europe Écologie—Les Verts",2012,http://www.parlgov.org/explore/FRA/election/2012-06-17/,5.5,,25952859,1427407,2017,http://www.parlgov.org/explore/FRA/election/2017-06-18/,4.3,,22654164,974129
France,609,UMP,"Union for Popular Movement	Union pour un Mouvement Populaire",2012,http://www.parlgov.org/explore/FRA/election/2012-06-17/,27.1,,25952859,7033225,2017,http://www.parlgov.org/explore/FRA/election/2017-06-18/,15.8,,22654164,3579358
France,610,FN,"National Front	Front National",2012,http://www.parlgov.org/explore/FRA/election/2012-06-17/,13.6,,25952859,3529589,2017,http://www.parlgov.org/explore/FRA/election/2017-06-18/,13.2,,22654164,2990350
France,612,MPF,"Movement for France	Mouvement Pour la France",2012,http://www.parlgov.org/explore/FRA/election/2012-06-17/,0,,25952859,0,2017,http://www.parlgov.org/explore/FRA/election/2017-06-18/,0,,22654164,0
France,613,MODEM,"Democratic Movement	Mouvement Democrate",2012,http://www.parlgov.org/explore/FRA/election/2012-06-17/,1.8,,25952859,467151,2017,http://www.parlgov.org/explore/FRA/election/2017-06-18/,4.1,,22654164,928821
France,621,NC,"New Center	Nouveau Centre",2012,http://www.parlgov.org/explore/FRA/election/2012-06-17/,2.2,,25952859,570963,2017,http://www.parlgov.org/explore/FRA/election/2017-06-18/,0,,22654164,0
France,622,PRV,"Radical Party	Parti radical",2012,http://www.parlgov.org/explore/FRA/election/2012-06-17/,1.2,,25952859,311434,2017,http://www.parlgov.org/explore/FRA/election/2017-06-18/,0,,22654164,0
France,623,AC,"Centrist Alliance	Alliance centriste",2012,http://www.parlgov.org/explore/FRA/election/2012-06-17/,0.6,,25952859,155717,2017,http://www.parlgov.org/explore/FRA/election/2017-06-18/,0,,22654164,0
France,624,PG,"Left Party	Parti de Gauche",2012,http://www.parlgov.org/explore/FRA/election/2012-06-17/,0,,25952859,0,2017,http://www.parlgov.org/explore/FRA/election/2017-06-18/,0,,22654164,0
France,625,Ens,"Together	Ensemble",2012,http://www.parlgov.org/explore/FRA/election/2012-06-17/,0,,25952859,0,2017,http://www.parlgov.org/explore/FRA/election/2017-06-18/,0,,22654164,0
France,626,LREM,"La République en Marche	The Republic on the Move",2012,http://www.parlgov.org/explore/FRA/election/2012-06-17/,0,,25952859,0,2017,http://www.parlgov.org/explore/FRA/election/2017-06-18/,28.2,,22654164,6388474
France,627,Insoumis,"La France Insoumise	France Unbowed",2012,http://www.parlgov.org/explore/FRA/election/2012-06-17/,0,,25952859,0,2017,http://www.parlgov.org/explore/FRA/election/2017-06-18/,11,,22654164,2491958
France,628,DLF,"Debout la France	France Arise",2012,http://www.parlgov.org/explore/FRA/election/2012-06-17/,0,,25952859,0,2017,http://www.parlgov.org/explore/FRA/election/2017-06-18/,1.2,,22654164,271850
Ireland,701,FF,"Soldiers of Destiny	Fianna Fáil",2011,http://www.parlgov.org/explore/IRL/election/2011-02-25/,17.5,,2220359,388563,2016,http://www.parlgov.org/explore/IRL/election/2016-02-26/,24.4,,2132790,520401
Ireland,702,FG,"Family of the Irish	Fine Gael",2011,http://www.parlgov.org/explore/IRL/election/2011-02-25/,36.1,,2220359,801550,2016,http://www.parlgov.org/explore/IRL/election/2016-02-26/,25.5,,2132790,543861
Ireland,703,Lab,"Labour	Páirti Lucht Oibre",2011,http://www.parlgov.org/explore/IRL/election/2011-02-25/,19.5,,2220359,432970,2016,http://www.parlgov.org/explore/IRL/election/2016-02-26/,6.6,,2132790,140764
Ireland,705,GP,"Green Party	Comhaontas Glas",2011,http://www.parlgov.org/explore/IRL/election/2011-02-25/,1.9,,2220359,42187,2016,http://www.parlgov.org/explore/IRL/election/2016-02-26/,2.7,,2132790,57585
Ireland,707,SF,"We Ourselves	Sinn Féin",2011,http://www.parlgov.org/explore/IRL/election/2011-02-25/,9.9,,2220359,219816,2016,http://www.parlgov.org/explore/IRL/election/2016-02-26/,13.9,,2132790,296458
Ireland,708,SP,"Socialist Party	Páirtí Sóisialach",2011,http://www.parlgov.org/explore/IRL/election/2011-02-25/,1.2,,2220359,26644,2016,http://www.parlgov.org/explore/IRL/election/2016-02-26/,4,,2132790,85312
Ireland,709,PBPA,"People Before Profit Alliance	People Before Profit Alliance",2011,http://www.parlgov.org/explore/IRL/election/2011-02-25/,1,,2220359,22204,2016,http://www.parlgov.org/explore/IRL/election/2016-02-26/,0,,2132790,0
Italy,803,RC,"Communist Refoundation Party	Partito della Rifondazione Communista",2013,http://www.parlgov.org/explore/ITA/election/2013-02-25/,0,,34002524,0,2018,http://www.parlgov.org/explore/ITA/election/2018-03-04/,0,,32841025,0
Italy,811,LN,"Northern League	Lega Nord",2013,http://www.parlgov.org/explore/ITA/election/2013-02-25/,4.1,,34002524,1394103,2018,http://www.parlgov.org/explore/ITA/election/2018-03-04/,17.4,,32841025,5714338
Italy,814,UDC,"Union of the Centre	Unione di Centro",2013,http://www.parlgov.org/explore/ITA/election/2013-02-25/,1.8,,34002524,612045,2018,http://www.parlgov.org/explore/ITA/election/2018-03-04/,1.3,Coalition NcI,32841025,426933
Italy,815,FI,"Forward Italy	Forza Italia",2013,http://www.parlgov.org/explore/ITA/election/2013-02-25/,22,Rename PdL,34002524,7480555,2018,http://www.parlgov.org/explore/ITA/election/2018-03-04/,14,,32841025,4597744
Italy,827,SVP,"South Tyrolean People’s Party	Südtiroler Volkspartei",2013,http://www.parlgov.org/explore/ITA/election/2013-02-25/,0.4,,34002524,136010,2018,http://www.parlgov.org/explore/ITA/election/2018-03-04/,0.4,,32841025,131364
Italy,837,PD,"Democratic Party	Partito Democratico",2013,http://www.parlgov.org/explore/ITA/election/2013-02-25/,26.3,,34002524,8942664,2018,http://www.parlgov.org/explore/ITA/election/2018-03-04/,18.8,,32841025,6174113
Italy,838,SEL,"Left Ecology Freedom	Sinistra Ecologia Libertá",2013,http://www.parlgov.org/explore/ITA/election/2013-02-25/,3.3,,34002524,1122083,2018,http://www.parlgov.org/explore/ITA/election/2018-03-04/,0,,32841025,0
Italy,843,CD,"Democratic Centre	Centro Democratico—Diritti e Libertá",2013,http://www.parlgov.org/explore/ITA/election/2013-02-25/,0.5,,34002524,170013,2018,http://www.parlgov.org/explore/ITA/election/2018-03-04/,0,,32841025,0
Italy,844,Fdl,"Brothers of Italy	Fratelli d’Italia",2013,http://www.parlgov.org/explore/ITA/election/2013-02-25/,2,,34002524,680050,2018,http://www.parlgov.org/explore/ITA/election/2018-03-04/,4.4,,32841025,1445005
Italy,845,M5S,"Five Star Movement	MoVimento Cinque Stelle",2013,http://www.parlgov.org/explore/ITA/election/2013-02-25/,25.9,,34002524,8806654,2018,http://www.parlgov.org/explore/ITA/election/2018-03-04/,33.3,,32841025,10936061
Italy,846,SC,"Civic Choice	Scelta Civica",2013,http://www.parlgov.org/explore/ITA/election/2013-02-25/,8.8,,34002524,2992222,2018,http://www.parlgov.org/explore/ITA/election/2018-03-04/,0,,32841025,0
Italy,848,NCD,"New Centre-Right	Nuovo Centrodestra",2013,http://www.parlgov.org/explore/ITA/election/2013-02-25/,0,,34002524,0,2018,http://www.parlgov.org/explore/ITA/election/2018-03-04/,0,,32841025,0
Italy,850,SI,"Sinistra Italiana	Italian Left",2013,http://www.parlgov.org/explore/ITA/election/2013-02-25/,0,,34002524,0,2018,http://www.parlgov.org/explore/ITA/election/2018-03-04/,3.4,Coalition LeU,32841025,1116595
Italy,851,MDP,"Progressista	Democratic and Progressive Movement",2013,http://www.parlgov.org/explore/ITA/election/2013-02-25/,0,,34002524,0,2018,http://www.parlgov.org/explore/ITA/election/2018-03-04/,0,,32841025,0
Italy,852,AP,"Alternative Popolare	Popular Alternative",2013,http://www.parlgov.org/explore/ITA/election/2013-02-25/,0,,34002524,0,2018,http://www.parlgov.org/explore/ITA/election/2018-03-04/,0,,32841025,0
Netherlands,1001,CDA,"Christian Democratic Appeal	Christen-Democratisch Appel",2012,http://www.parlgov.org/explore/NLD/election/2012-09-12/,8.5,,9424235,801060,2017,http://www.parlgov.org/explore/NLD/election/2017-03-15/,12.4,,10516041,1303989
Netherlands,1002,PvdA,"Labour Party	Partij van de Arbeid",2012,http://www.parlgov.org/explore/NLD/election/2012-09-12/,24.8,,9424235,2337210,2017,http://www.parlgov.org/explore/NLD/election/2017-03-15/,5.7,,10516041,599414
Netherlands,1003,VVD,"People’s Party for Freedom and Democracy	Volkspartij voor Vrijheid en Demokratie",2012,http://www.parlgov.org/explore/NLD/election/2012-09-12/,26.6,,9424235,2506847,2017,http://www.parlgov.org/explore/NLD/election/2017-03-15/,21.3,,10516041,2239917
Netherlands,1004,D66,"Democrats 66	Democraten 66",2012,http://www.parlgov.org/explore/NLD/election/2012-09-12/,8,,9424235,753939,2017,http://www.parlgov.org/explore/NLD/election/2017-03-15/,12.2,,10516041,1282957
Netherlands,1005,GL,"GreenLeft	GroenLinks",2012,http://www.parlgov.org/explore/NLD/election/2012-09-12/,2.3,,9424235,216757,2017,http://www.parlgov.org/explore/NLD/election/2017-03-15/,9.1,,10516041,956960
Netherlands,1006,SGP,"Political Reformed Party	Staatkundig Gereformeerde Partij",2012,http://www.parlgov.org/explore/NLD/election/2012-09-12/,2.1,,9424235,197909,2017,http://www.parlgov.org/explore/NLD/election/2017-03-15/,2.1,,10516041,220837
Netherlands,1014,SP,"Socialist Party	Socialistische Partij",2012,http://www.parlgov.org/explore/NLD/election/2012-09-12/,9.7,,9424235,914151,2017,http://www.parlgov.org/explore/NLD/election/2017-03-15/,9.1,,10516041,956960
Netherlands,1016,CU,"ChristianUnion	ChristenUnie",2012,http://www.parlgov.org/explore/NLD/election/2012-09-12/,3.1,,9424235,292151,2017,http://www.parlgov.org/explore/NLD/election/2017-03-15/,3.4,,10516041,357545
Netherlands,1017,PVV,"Party for Freedom	Partij voor de Vrijheid",2012,http://www.parlgov.org/explore/NLD/election/2012-09-12/,10.1,,9424235,951848,2017,http://www.parlgov.org/explore/NLD/election/2017-03-15/,13.1,,10516041,1377601
Netherlands,1018,PvdD,"Party for the Animals	Partij voor de Dieren",2012,http://www.parlgov.org/explore/NLD/election/2012-09-12/,1.9,,9424235,179060,2017,http://www.parlgov.org/explore/NLD/election/2017-03-15/,3.2,,10516041,336513
Netherlands,1020,50PLUS,"50PLUS	50PLUS",2012,http://www.parlgov.org/explore/NLD/election/2012-09-12/,1.9,,9424235,179060,2017,http://www.parlgov.org/explore/NLD/election/2017-03-15/,3.1,,10516041,325997
Netherlands,1050,Denk,"Denk	Think/Equality",2012,http://www.parlgov.org/explore/NLD/election/2012-09-12/,0,,9424235,0,2017,http://www.parlgov.org/explore/NLD/election/2017-03-15/,2.1,,10516041,220837
Netherlands,1051,FvD,"Forum voor Democratie	Forum for Democracy",2012,http://www.parlgov.org/explore/NLD/election/2012-09-12/,0,,9424235,0,2017,http://www.parlgov.org/explore/NLD/election/2017-03-15/,1.8,,10516041,189289
Britain,1101,CONS,"Conservative Party	Conservative Party",2015,http://www.parlgov.org/explore/GBR/election/2015-05-07/,36.9,,30691680,11325230,2017,http://www.parlgov.org/explore/GBR/election/2017-06-08/,42.5,,32204124,13686753
Britain,1102,LAB,"Labour Party	Labour Party",2015,http://www.parlgov.org/explore/GBR/election/2015-05-07/,30.5,,30691680,9360962,2017,http://www.parlgov.org/explore/GBR/election/2017-06-08/,40,,32204124,12881650
Britain,1104,LIBDEM,"Liberal Democratic Party	Liberal Democratic Party",2015,http://www.parlgov.org/explore/GBR/election/2015-05-07/,7.9,,30691680,2424643,2017,http://www.parlgov.org/explore/GBR/election/2017-06-08/,7.4,,32204124,2383105
Britain,1105,SNP,"Scottish National Party	Scottish National Party",2015,http://www.parlgov.org/explore/GBR/election/2015-05-07/,4.7,,30691680,1442509,2017,http://www.parlgov.org/explore/GBR/election/2017-06-08/,3,,32204124,966124
Britain,1106,PLAID,"Party of Wales	Plaid Cymru",2015,http://www.parlgov.org/explore/GBR/election/2015-05-07/,0.6,,30691680,184150,2017,http://www.parlgov.org/explore/GBR/election/2017-06-08/,0.5,,32204124,161021
Britain,1107,GREEN,"Green Party	Green Party",2015,http://www.parlgov.org/explore/GBR/election/2015-05-07/,3.8,,30691680,1166284,2017,http://www.parlgov.org/explore/GBR/election/2017-06-08/,1.6,,32204124,515266
Britain,1108,UKIP,"United Kingdom Independence Party	United Kingdom Independence Party",2015,http://www.parlgov.org/explore/GBR/election/2015-05-07/,12.7,,30691680,3897843,2017,http://www.parlgov.org/explore/GBR/election/2017-06-08/,1.8,,32204124,579674
Britain,1150,SF,"Sinn Féin	Ourselves",2015,http://www.parlgov.org/explore/GBR/election/2015-05-07/,0.6,,30691680,184150,2017,http://www.parlgov.org/explore/GBR/election/2017-06-08/,0.7,,32204124,225429
Britain,1151,DUP,"Democratic Unionist Party	Democratic Unionist Party",2015,http://www.parlgov.org/explore/GBR/election/2015-05-07/,0.6,,30691680,184150,2017,http://www.parlgov.org/explore/GBR/election/2017-06-08/,0.9,,32204124,289837
Portugal,1201,CDU,"Democratic Unitarian Coalition	Coligação Democrática Unitária",2011,http://www.parlgov.org/explore/PRT/election/2011-06-05/,8.2,,5357037,439277,2015,http://www.parlgov.org/explore/PRT/election/2015-10-04/,8.6,,5206113,447726
Portugal,1202,PP,"People’s Party	Partido Popular",2011,http://www.parlgov.org/explore/PRT/election/2011-06-05/,12.2,Coalition CDS,5357037,653559,2015,http://www.parlgov.org/explore/PRT/election/2015-10-04/,9.2,"Coalition PSD, CDS, PP (split 39.8% votes proportional to last election)",5206113,478962
Portugal,1205,PS,"Socialist Party	Partido Socialista",2011,http://www.parlgov.org/explore/PRT/election/2011-06-05/,29.2,,5357037,1564255,2015,http://www.parlgov.org/explore/PRT/election/2015-10-04/,33.6,,5206113,1749254
Portugal,1206,PSD,"Social Democratic Party	Partido Social Democrata",2011,http://www.parlgov.org/explore/PRT/election/2011-06-05/,40.3,,5357037,2158886,2015,http://www.parlgov.org/explore/PRT/election/2015-10-04/,30.6,"Coalition PSD, CDS, PP (split 39.8% votes proportional to last election)",5206113,1593071
Portugal,1208,BE,"Left Bloc	Bloco de Esquerda",2011,http://www.parlgov.org/explore/PRT/election/2011-06-05/,5.4,,5357037,289280,2015,http://www.parlgov.org/explore/PRT/election/2015-10-04/,10.6,,5206113,551848
Portugal,1209,MPT,"Earth Party	Partido da Terra",2011,http://www.parlgov.org/explore/PRT/election/2011-06-05/,0,,5357037,0,2015,http://www.parlgov.org/explore/PRT/election/2015-10-04/,0.4,,5206113,20824
Portugal,1250,PAN,"Pessoas-Animais-Natureza	People-Animals-Nature",2011,http://www.parlgov.org/explore/PRT/election/2011-06-05/,1.1,,5357037,58927,2015,http://www.parlgov.org/explore/PRT/election/2015-10-04/,1.4,,5206113,72886
Portugal,1251,PDR,"Partido Democratico Republicano	Democratic Republican Party",2011,http://www.parlgov.org/explore/PRT/election/2011-06-05/,0,,5357037,0,2015,http://www.parlgov.org/explore/PRT/election/2015-10-04/,1.2,,5206113,62473
Austria,1301,SPO,"Social Democratic Party of Austria	Sozialdemokratische Partei Österreichs",2013,http://www.parlgov.org/explore/AUT/election/2013-09-29/,26.8,,4692907,1257699,2017,http://www.parlgov.org/explore/AUT/election/2017-10-15/,26.9,,5069929,1363811
Austria,1302,OVP,"Austrian People’s Party	Österreichische Volkspartei",2013,http://www.parlgov.org/explore/AUT/election/2013-09-29/,24,,4692907,1126298,2017,http://www.parlgov.org/explore/AUT/election/2017-10-15/,31.5,,5069929,1597028
Austria,1303,FPO,"Freedom Party of Austria	Freiheitliche Partei Österreichs",2013,http://www.parlgov.org/explore/AUT/election/2013-09-29/,20.5,,4692907,962046,2017,http://www.parlgov.org/explore/AUT/election/2017-10-15/,26,,5069929,1318182
Austria,1304,GRUNE,"The Austrian Green Party	Die Grünen",2013,http://www.parlgov.org/explore/AUT/election/2013-09-29/,12.4,,4692907,581920,2017,http://www.parlgov.org/explore/AUT/election/2017-10-15/,3.8,,5069929,192657
Austria,1306,NEOS,"NEOS—The New Austria	NEOS—Das Neue Österreich",2013,http://www.parlgov.org/explore/AUT/election/2013-09-29/,5,,4692907,234645,2017,http://www.parlgov.org/explore/AUT/election/2017-10-15/,5.3,,5069929,268706
Austria,1307,BZO,"Alliance for the Future of Austria	Bündnis Zukunft Österreich",2013,http://www.parlgov.org/explore/AUT/election/2013-09-29/,3.5,,4692907,164252,2017,http://www.parlgov.org/explore/AUT/election/2017-10-15/,0,,5069929,0
Austria,1310,TeamStronach,"Team Stronach for Austria	Team Stronach für Österreich",2013,http://www.parlgov.org/explore/AUT/election/2013-09-29/,5.7,,4692907,267496,2017,http://www.parlgov.org/explore/AUT/election/2017-10-15/,0,,5069929,0
Finland,1401,SDP,"Social Democratic Party of Finland	Suomen Sosialidemokraattinen Puolue",2011,http://www.parlgov.org/explore/FIN/election/2011-04-17/,19.1,,2939571,561458,2015,http://www.parlgov.org/explore/FIN/election/2015-04-19/,16.5,,2968459,489796
Finland,1402,KOK,"National Coalition Party	Kansallinen Kokoomus",2011,http://www.parlgov.org/explore/FIN/election/2011-04-17/,20.4,,2939571,599672,2015,http://www.parlgov.org/explore/FIN/election/2015-04-19/,18.2,,2968459,540260
Finland,1403,KESK,"Finnish Center Party	Suomen Keskusta",2011,http://www.parlgov.org/explore/FIN/election/2011-04-17/,15.8,,2939571,464452,2015,http://www.parlgov.org/explore/FIN/election/2015-04-19/,21.1,,2968459,626345
Finland,1404,VAS,"Left Alliance	Vasemmistoliitto",2011,http://www.parlgov.org/explore/FIN/election/2011-04-17/,8.1,,2939571,238105,2015,http://www.parlgov.org/explore/FIN/election/2015-04-19/,7.1,,2968459,210761
Finland,1405,PS,"True Finns	Persussuomalaiset",2011,http://www.parlgov.org/explore/FIN/election/2011-04-17/,19.1,,2939571,561458,2015,http://www.parlgov.org/explore/FIN/election/2015-04-19/,17.7,,2968459,525417
Finland,1406,RKP/SFP,"Swedish People’s Party	Ruotsalainen kansanpuolue/Svenska folkpartiet",2011,http://www.parlgov.org/explore/FIN/election/2011-04-17/,4.3,,2939571,126402,2015,http://www.parlgov.org/explore/FIN/election/2015-04-19/,4.9,,2968459,145454
Finland,1408,VIHR,"Green League	Vihreä Liitto",2011,http://www.parlgov.org/explore/FIN/election/2011-04-17/,7.3,,2939571,214589,2015,http://www.parlgov.org/explore/FIN/election/2015-04-19/,8.5,,2968459,252319
Finland,1409,KD,"Christian Democrats	Kristillisdemokraatit",2011,http://www.parlgov.org/explore/FIN/election/2011-04-17/,4,,2939571,117583,2015,http://www.parlgov.org/explore/FIN/election/2015-04-19/,3.5,,2968459,103896
Sweden,1601,V,"Left Party	Vänsterpartiet",2014,http://www.parlgov.org/explore/SWE/election/2014-09-14/,5.7,,6231573,355200,2018,http://www.parlgov.org/explore/SWE/election/2018-09-09/,8,,6535271,522822
Sweden,1602,SAP,"Swedish Social Democratic Party	Sveriges Socialdemokratiska Arbetareparti",2014,http://www.parlgov.org/explore/SWE/election/2014-09-14/,31,,6231573,1931788,2018,http://www.parlgov.org/explore/SWE/election/2018-09-09/,28.3,,6535271,1849482
Sweden,1603,C,"Center Party	Centerpartiet",2014,http://www.parlgov.org/explore/SWE/election/2014-09-14/,6.1,,6231573,380126,2018,http://www.parlgov.org/explore/SWE/election/2018-09-09/,8.6,,6535271,562033
Sweden,1604,FP,"Liberal People’s Party	Folkpartiet liberalerna",2014,http://www.parlgov.org/explore/SWE/election/2014-09-14/,5.4,,6231573,336505,2018,http://www.parlgov.org/explore/SWE/election/2018-09-09/,5.5,,6535271,359440
Sweden,1605,M,"Moderate Party	Moderata Samlingspartiet",2014,http://www.parlgov.org/explore/SWE/election/2014-09-14/,23.3,,6231573,1451957,2018,http://www.parlgov.org/explore/SWE/election/2018-09-09/,19.8,,6535271,1300519
Sweden,1606,KD,"Christian-Democrats	Kristdemokraternah",2014,http://www.parlgov.org/explore/SWE/election/2014-09-14/,4.6,,6231573,286652,2018,http://www.parlgov.org/explore/SWE/election/2018-09-09/,6.3,,6535271,411722
Sweden,1607,MP,"Environment Party—The Greens	Miljöepartiet de Gröna",2014,http://www.parlgov.org/explore/SWE/election/2014-09-14/,6.9,,6231573,429979,2018,http://www.parlgov.org/explore/SWE/election/2018-09-09/,4.4,,6535271,287552
Sweden,1610,SD,"Sweden Democrats	Sverigedemokraterna",2014,http://www.parlgov.org/explore/SWE/election/2014-09-14/,12.9,,6231573,803873,2018,http://www.parlgov.org/explore/SWE/election/2018-09-09/,17.5,,6535271,1130602
Sweden,1612,FI,"Feminist Initative	Feministiskt initiativ",2014,http://www.parlgov.org/explore/SWE/election/2014-09-14/,3.1,,6231573,193179,2018,http://www.parlgov.org/explore/SWE/election/2018-09-09/,0,,6535271,32676
Bulgaria,2002,SDS,"Union of Democratic Forces	Sayuz na demokratichnite sili",2014,http://www.parlgov.org/explore/BGR/election/2014-10-05/,2.9,Coalition RB (split 8.9% votes),3283192,95213,2017,http://www.parlgov.org/explore/BGR/election/2017-03-26/,1.5,Coalition RB,2910654,43660
Bulgaria,2003,BSP,"BSP—Left Bulgaria	BSP—Lyava Bulgaria",2014,http://www.parlgov.org/explore/BGR/election/2014-10-05/,15.4,Coalition KzB,3283192,505612,2017,http://www.parlgov.org/explore/BGR/election/2017-03-26/,27.9,Coalition KzB,2910654,812072
Bulgaria,2004,DPS,"Movement for Rights and Freedoms	Dvizhenie za Prava i Svobodi",2014,http://www.parlgov.org/explore/BGR/election/2014-10-05/,14.8,,3283192,485912,2017,http://www.parlgov.org/explore/BGR/election/2017-03-26/,12.1,Plus DOST,2910654,352189
Bulgaria,2005,VMRO-BND,"VMRO—Bulgarian National Movement	VMRO—Bulgarsko Natsionalno Dvizhenie",2014,http://www.parlgov.org/explore/BGR/election/2014-10-05/,3.6,"Coalition NFSB, VMRO",3283192,118195,2017,http://www.parlgov.org/explore/BGR/election/2017-03-26/,3.1,"Coalition NFSB, Ataka, VMRO (split 9.3% of votes)",2910654,90230
Bulgaria,2007,ATAKA,"Attack	Ataka",2014,http://www.parlgov.org/explore/BGR/election/2014-10-05/,4.5,,3283192,147744,2017,http://www.parlgov.org/explore/BGR/election/2017-03-26/,3.1,"Coalition NFSB, Ataka, VMRO (split 9.3% of votes)",2910654,90230
Bulgaria,2008,DSB,"Democrats for a Strong Bulgaria	Demokrati za Silna B_algarija",2014,http://www.parlgov.org/explore/BGR/election/2014-10-05/,2.9,Coalition RB (split 8.9% votes),3283192,95213,2017,http://www.parlgov.org/explore/BGR/election/2017-03-26/,2.5,,2910654,72766
Bulgaria,2010,GERB,"Citizens for European Development of Bulgaria	Grazhdani za evropeysko razvitie na Balgariya",2014,http://www.parlgov.org/explore/BGR/election/2014-10-05/,32.7,,3283192,1073604,2017,http://www.parlgov.org/explore/BGR/election/2017-03-26/,33.5,,2910654,975069
Bulgaria,2013,DBG,"Bulgaria for Citizens Movement	Dvizhenie Bulgaria na grazhdanite",2014,http://www.parlgov.org/explore/BGR/election/2014-10-05/,2.9,Coalition RB (split 8.9% votes),3283192,95213,2017,http://www.parlgov.org/explore/BGR/election/2017-03-26/,1.5,Coalition RB,2910654,43660
Bulgaria,2014,NFSB,"National Front for the Salvation of Bulgaria	Natsionalen Front za Spasenie na Bulgaria",2014,http://www.parlgov.org/explore/BGR/election/2014-10-05/,3.6,"Coalition NFSB, VMRO",3283192,118195,2017,http://www.parlgov.org/explore/BGR/election/2017-03-26/,3.1,"Coalition NFSB, Ataka, VMRO (split 9.3% of votes)",2910654,90230
Bulgaria,2015,BBT,"Bulgaria without Censorship	Bulgaria bez Tsenzura",2014,http://www.parlgov.org/explore/BGR/election/2014-10-05/,5.7,,3283192,187142,2017,http://www.parlgov.org/explore/BGR/election/2017-03-26/,0,,2910654,0
Bulgaria,2016,ABV,"Alternative for Bulgarian Revival	Alternativa za Balgarsko Vazrazhdane",2014,http://www.parlgov.org/explore/BGR/election/2014-10-05/,4.2,,3283192,137894,2017,http://www.parlgov.org/explore/BGR/election/2017-03-26/,1.6,,2910654,46570
Czech Republic,2101,CSSD,"Czech Social Democratic Party	Ceská strana sociáln_e demokratická",2013,http://www.parlgov.org/explore/CZE/election/2013-10-25/,20.5,,4969984,1018847,2017,http://www.parlgov.org/explore/CZE/election/2017-10-21/,7.3,,5060759,369435
Czech Republic,2102,ODS,"Civic Democratic Party	Ob_canská demokratická strana",2013,http://www.parlgov.org/explore/CZE/election/2013-10-25/,7.7,,4969984,382689,2017,http://www.parlgov.org/explore/CZE/election/2017-10-21/,11.3,,5060759,571866
Czech Republic,2103,KSCM,"Communist Party of Bohemia and Moravia	Komunistická strana Cech a Moravy",2013,http://www.parlgov.org/explore/CZE/election/2013-10-25/,14.9,,4969984,740528,2017,http://www.parlgov.org/explore/CZE/election/2017-10-21/,7.8,,5060759,394739
Czech Republic,2104,KDU-CSL,"Christian Democratic Union - Czechoslovak People’s Party	K_res_anská demokratická unie - Ceskoslovenská strana lidová",2013,http://www.parlgov.org/explore/CZE/election/2013-10-25/,6.8,,4969984,337959,2017,http://www.parlgov.org/explore/CZE/election/2017-10-21/,5.8,,5060759,293524
Czech Republic,2107,SZ,"Green Party	Strana zelených",2013,http://www.parlgov.org/explore/CZE/election/2013-10-25/,3.2,,4969984,159039,2017,http://www.parlgov.org/explore/CZE/election/2017-10-21/,1.5,,5060759,75911
Czech Republic,2109,TOP09,"TOP 09	TOP 09",2013,http://www.parlgov.org/explore/CZE/election/2013-10-25/,12,,4969984,596398,2017,http://www.parlgov.org/explore/CZE/election/2017-10-21/,5.3,,5060759,268220
Czech Republic,2111,ANO2011,"ANO 2011, Action of Dissatisfied Citizens	ANO 2011, Akce nespokojených ob_can_",2013,http://www.parlgov.org/explore/CZE/election/2013-10-25/,18.7,,4969984,929387,2017,http://www.parlgov.org/explore/CZE/election/2017-10-21/,29.6,,5060759,1497985
Czech Republic,2112,USVIT,"Dawn of Direct Democracy	Úsvit p_rímé demokracie",2013,http://www.parlgov.org/explore/CZE/election/2013-10-25/,6.9,,4969984,342929,2017,http://www.parlgov.org/explore/CZE/election/2017-10-21/,0,,5060759,0
Czech Republic,2113,SVOBODNI,"Party of Free Citizens	Strana svobodných ob_can_",2013,http://www.parlgov.org/explore/CZE/election/2013-10-25/,2.5,,4969984,124250,2017,http://www.parlgov.org/explore/CZE/election/2017-10-21/,1.6,,5060759,80972
Czech Republic,2114,Pirates,"Pirátská strana	Pirate Party",2013,http://www.parlgov.org/explore/CZE/election/2013-10-25/,2.7,,4969984,134190,2017,http://www.parlgov.org/explore/CZE/election/2017-10-21/,10.8,,5060759,546562
Czech Republic,2115,SPD,"Svoboda a p_ímá demokracie	Freedom and Direct Democracy",2013,http://www.parlgov.org/explore/CZE/election/2013-10-25/,0,,4969984,0,2017,http://www.parlgov.org/explore/CZE/election/2017-10-21/,10.6,,5060759,536440
Czech Republic,2116,STAN,"Starostové a nezávislí	Mayors and Independents",2013,http://www.parlgov.org/explore/CZE/election/2013-10-25/,0,,4969984,0,2017,http://www.parlgov.org/explore/CZE/election/2017-10-21/,5.2,,5060759,263159
Estonia,2201,IRL,"Pro Patria and Res Publica Union	Erakond Isamaa ja Res Publica Liit",2011,http://www.parlgov.org/explore/EST/election/2011-03-06/,20.5,,575133,117902,2015,http://www.parlgov.org/explore/EST/election/2015-03-01/,13.7,,574150,78659
Estonia,2202,EK,"Estonian Center Party	Eesti Keskerakond",2011,http://www.parlgov.org/explore/EST/election/2011-03-06/,23.3,,575133,134006,2015,http://www.parlgov.org/explore/EST/election/2015-03-01/,24.8,,574150,142389
Estonia,2203,ER,"Estonian Reform Party	Eesti Reformierakond",2011,http://www.parlgov.org/explore/EST/election/2011-03-06/,28.6,,575133,164488,2015,http://www.parlgov.org/explore/EST/election/2015-03-01/,27.7,,574150,159040
Estonia,2204,SDE,"Social Democratic Party	Sotsiaaldemokraatlik Erakond",2011,http://www.parlgov.org/explore/EST/election/2011-03-06/,17.1,,575133,98348,2015,http://www.parlgov.org/explore/EST/election/2015-03-01/,15.2,,574150,87271
Estonia,2207,EER,"Estonian Greens	Erakond Eestimaa Rohelised",2011,http://www.parlgov.org/explore/EST/election/2011-03-06/,3.8,,575133,21855,2015,http://www.parlgov.org/explore/EST/election/2015-03-01/,0.9,,574150,5167
Estonia,2208,EVE,"Estonian Free Party	Eesti Vabaerakond",2011,http://www.parlgov.org/explore/EST/election/2011-03-06/,0,,575133,0,2015,http://www.parlgov.org/explore/EST/election/2015-03-01/,8.7,,574150,49951
Estonia,2209,EKRE,"Eesti Konservatiivne Rahvaerakond	Conservative People’s Party of Estonia",2011,http://www.parlgov.org/explore/EST/election/2011-03-06/,2.1,,575133,12078,2015,http://www.parlgov.org/explore/EST/election/2015-03-01/,8.2,,574150,47080
Hungary,2301,MSZP,"Hungarian Socialist Party	Magyar Szocialista Párt",2014,http://www.parlgov.org/explore/HUN/election/2014-04-06/,20.1,"Coalition MSZP,DK, Egyutt, PM (split 25.6% of votes proportional to seats)",5047363,1014520,2018,http://www.parlgov.org/explore/HUN/election/2018-04-08/,11.9,,5732283,682142
Hungary,2302,Fidesz,"Fidesz—Hungarian Civic Union	Fidesz—Magyar Polgári Szövetség",2014,http://www.parlgov.org/explore/HUN/election/2014-04-06/,44.9,"Coalition Fidesz, KDNP",5047363,2266266,2018,http://www.parlgov.org/explore/HUN/election/2018-04-08/,49.3,"Coalition Fidesz, KDNP",5732283,2826016
Hungary,2308,JOBBIK,"Jobbik—Movement for a Better Hungary	Jobbik Magyarországért Mozgalom",2014,http://www.parlgov.org/explore/HUN/election/2014-04-06/,20.2,,5047363,1019567,2018,http://www.parlgov.org/explore/HUN/election/2018-04-08/,19.1,,5732283,1094866
Hungary,2309,LMP,"Politics Can Be Different	Lehet Más a Politika",2014,http://www.parlgov.org/explore/HUN/election/2014-04-06/,5.3,,5047363,267510,2018,http://www.parlgov.org/explore/HUN/election/2018-04-08/,7.1,,5732283,406992
Hungary,2310,E14,"Together 2014	Együtt 2014",2014,http://www.parlgov.org/explore/HUN/election/2014-04-06/,2.1,"Coalition MSZP,DK, Egyutt, PM (split 25.6% of votes proportional to seats)",5047363,105995,2018,http://www.parlgov.org/explore/HUN/election/2018-04-08/,0.7,,5732283,40126
Hungary,2311,DK,"Democratic Coalition	Demokratikus Koalíció",2014,http://www.parlgov.org/explore/HUN/election/2014-04-06/,2.8,"Coalition MSZP,DK, Egyutt, PM (split 25.6% of votes proportional to seats)",5047363,141326,2018,http://www.parlgov.org/explore/HUN/election/2018-04-08/,5.4,,5732283,309543
Hungary,2312,PM,"Párbeszéd Magyarországért	Dialogue for Hungary",2014,http://www.parlgov.org/explore/HUN/election/2014-04-06/,0.7,"Coalition MSZP,DK, Egyutt, PM (split 25.6% of votes proportional to seats)",5047363,35332,2018,http://www.parlgov.org/explore/HUN/election/2018-04-08/,5.9,,5732283,338205
Hungary,2313,MLP,"Magyar Liberális Párt (Liberálisok)	Hungarian Liberal Party",2014,http://www.parlgov.org/explore/HUN/election/2014-04-06/,0,,5047363,0,2018,http://www.parlgov.org/explore/HUN/election/2018-04-08/,0,,5732283,0
Latvia,2402,LKS,"Latvian Russian Union	Latvijas Krievu savien¯iba",2014,http://www.parlgov.org/explore/LVA/election/2014-10-04/,1.6,,906538,14505,2018,http://www.parlgov.org/explore/lva/election/2014-10-04/,3.2,,839000,26848
Latvia,2405,ZZS,"Union of Greens and Farmers	Zal¸o un Zemnieku Savien¯iba",2014,http://www.parlgov.org/explore/LVA/election/2014-10-04/,19.5,,906538,176775,2018,http://www.parlgov.org/explore/lva/election/2014-10-04/,10,,839000,83900
Latvia,2406,NA,"National Alliance “All For Latvia!” - “For Fatherland and Freedom/LNNK”	Nacion¯al¯a apvien¯iba “Visu Latvijai!” - “T¯evzemei un Br¯iv¯ibai/LNNK”",2014,http://www.parlgov.org/explore/LVA/election/2014-10-04/,16.6,,906538,150485,2018,http://www.parlgov.org/explore/lva/election/2014-10-04/,24.8,"Coalition NA, JKP",839000,208072
Latvia,2410,SDPS,"Social Democratic Party “Harmony”	Soci¯aldemokr¯atisk¯a Partija “Saska¸na""",2014,http://www.parlgov.org/explore/LVA/election/2014-10-04/,23,,906538,208504,2018,http://www.parlgov.org/explore/lva/election/2014-10-04/,19.9,,839000,166961
Latvia,2412,V,"Unity	Vienot¯iba",2014,http://www.parlgov.org/explore/LVA/election/2014-10-04/,21.9,,906538,198532,2018,http://www.parlgov.org/explore/lva/election/2014-10-04/,6.7,,839000,56213
Latvia,2413,NSL,"For Latvia from the Heart	No sirds Latvijai",2014,http://www.parlgov.org/explore/LVA/election/2014-10-04/,6.9,,906538,62551,2018,http://www.parlgov.org/explore/lva/election/2014-10-04/,0,,839000,0
Latvia,2414,LRA,"Latvian Association of Regions	Latvijas Re´gionu apvien¯iba",2014,http://www.parlgov.org/explore/LVA/election/2014-10-04/,6.7,,906538,60738,2018,http://www.parlgov.org/explore/lva/election/2014-10-04/,14.3,"Coalition KPV, LRA",839000,119977
Lithuania,2501,LSDP,"Social Democratic Party of Lithuania	Lietuvos socialdemokratu_ partija",2012,http://www.parlgov.org/explore/LTU/election/2012-10-14/,18.4,,1312090,241425,2016,http://www.parlgov.org/explore/LTU/election/2016-10-09/,15,,1220958,183144
Lithuania,2506,TS-LKD,"Homeland Union—Lithuanian Christian Democrats	T_evyn_es s_junga—Lietuvos krikš_ionys demokratai",2012,http://www.parlgov.org/explore/LTU/election/2012-10-14/,15.1,,1312090,198126,2016,http://www.parlgov.org/explore/LTU/election/2016-10-09/,22.6,,1220958,275937
Lithuania,2507,LVZS,"Lithuanian Peasant and Greens Union	Lietuvos valstie_i¸u ir Žaliu_ju_ s_junga",2012,http://www.parlgov.org/explore/LTU/election/2012-10-14/,3.9,,1312090,51172,2016,http://www.parlgov.org/explore/LTU/election/2016-10-09/,22.5,,1220958,274716
Lithuania,2511,LLRA,"Electoral Action of Lithuania’s Poles	Lietuvos lenku_ rinkimu_ akcija",2012,http://www.parlgov.org/explore/LTU/election/2012-10-14/,5.8,,1312090,76101,2016,http://www.parlgov.org/explore/LTU/election/2016-10-09/,5.7,,1220958,69595
Lithuania,2515,TT,"Order and Justice	Tvarka ir Teisingumas",2012,http://www.parlgov.org/explore/LTU/election/2012-10-14/,7.3,,1312090,95783,2016,http://www.parlgov.org/explore/LTU/election/2016-10-09/,5.6,,1220958,68374
Lithuania,2516,DP,"Labour Party	Darbo Partija",2012,http://www.parlgov.org/explore/LTU/election/2012-10-14/,19.8,,1312090,259794,2016,http://www.parlgov.org/explore/LTU/election/2016-10-09/,4.9,,1220958,59827
Lithuania,2518,LRLS,"Liberal Movement	Liberalu_ S_j¯udis",2012,http://www.parlgov.org/explore/LTU/election/2012-10-14/,8.6,,1312090,112840,2016,http://www.parlgov.org/explore/LTU/election/2016-10-09/,9.5,,1220958,115991
Lithuania,2520,DK,"The Way of Courage	Dr_sos Kelias",2012,http://www.parlgov.org/explore/LTU/election/2012-10-14/,8,,1312090,104967,2016,http://www.parlgov.org/explore/LTU/election/2016-10-09/,0,,1220958,0
Poland,2601,SLD,"Democratic Left Alliance	Sojusz Lewicy Demokratycznej",2011,http://www.parlgov.org/explore/POL/election/2011-10-09/,8.2,,14369503,1178299,2015,http://www.parlgov.org/explore/POL/election/2015-10-25/,3.4,"Coalition SLD, TR (split 7.6% of votes proportional to last election)",15200671,516823
Poland,2603,PO,"Civic Platform	Platforma Obywatelska",2011,http://www.parlgov.org/explore/POL/election/2011-10-09/,39.2,,14369503,5632845,2015,http://www.parlgov.org/explore/POL/election/2015-10-25/,24.1,,15200671,3663362
Poland,2605,PiS,"Law and Justice Party	Prawo i Sprawiedliwo__",2011,http://www.parlgov.org/explore/POL/election/2011-10-09/,29.9,,14369503,4296481,2015,http://www.parlgov.org/explore/POL/election/2015-10-25/,37.6,,15200671,5715452
Poland,2606,PSL,"Polish People’s Party	Polskie Stronnictwo Ludowe",2011,http://www.parlgov.org/explore/POL/election/2011-10-09/,8.4,,14369503,1207038,2015,http://www.parlgov.org/explore/POL/election/2015-10-25/,5.1,,15200671,775234
Poland,2613,RP,"Your Movement (Palikot’s Movement)	Twój Ruch (Ruch Palikota)",2011,http://www.parlgov.org/explore/POL/election/2011-10-09/,10,,14369503,1436950,2015,http://www.parlgov.org/explore/POL/election/2015-10-25/,4.2,"Coalition SLD, TR (split 7.6% of votes proportional to last election)",15200671,638428
Poland,2614,KNP,"Congress of the New Right	Kongres Nowej Prawicy",2011,http://www.parlgov.org/explore/POL/election/2011-10-09/,1.1,,14369503,158065,2015,http://www.parlgov.org/explore/POL/election/2015-10-25/,0,,15200671,0
Poland,2615,PR,"Poland Together	Polska Razem",2011,http://www.parlgov.org/explore/POL/election/2011-10-09/,2.2,,14369503,316129,2015,http://www.parlgov.org/explore/POL/election/2015-10-25/,0,,15200671,0
Poland,2616,SP,"United Poland	Solidarna Polska",2011,http://www.parlgov.org/explore/POL/election/2011-10-09/,0,,14369503,0,2015,http://www.parlgov.org/explore/POL/election/2015-10-25/,0,,15200671,0
Poland,2617,Kukiz,"Kukiz’15	Kukiz’15",2011,http://www.parlgov.org/explore/POL/election/2011-10-09/,0,,14369503,0,2015,http://www.parlgov.org/explore/POL/election/2015-10-25/,8.8,,15200671,1337659
Poland,2618,Nowo,"Nowoczesna	Modern",2011,http://www.parlgov.org/explore/POL/election/2011-10-09/,0,,14369503,0,2015,http://www.parlgov.org/explore/POL/election/2015-10-25/,7.6,,15200671,1155251
Poland,2619,Korwin,"Wolnosc (Korwin-Mikke)	Liberty (Korwin-Mikke)",2011,http://www.parlgov.org/explore/POL/election/2011-10-09/,0,,14369503,0,2015,http://www.parlgov.org/explore/POL/election/2015-10-25/,4.8,,15200671,729632
Poland,2620,Razem,"Partia Razem	Together Party",2011,http://www.parlgov.org/explore/POL/election/2011-10-09/,0,,14369503,0,2015,http://www.parlgov.org/explore/POL/election/2015-10-25/,3.6,,15200671,547224
Romania,2701,PSD,"Social Democratic Party	Partidul Social Democrat",2012,http://www.parlgov.org/explore/ROU/election/2012-12-09/,32.2,"Coalition PSD, PNL, UNPR (split 58.6% of votes proportional to seats)",7409626,2385900,2016,http://www.parlgov.org/explore/ROU/election/2016-12-11/,45.5,,7047384,3206560
Romania,2702,PC,"Conservative Party	Partidul Conservator",2012,http://www.parlgov.org/explore/ROU/election/2012-12-09/,2.8,"Coalition PSD, PNL, UNPR (split 58.6% of votes proportional to seats)",7409626,207470,2016,http://www.parlgov.org/explore/ROU/election/2016-12-11/,2.8,Coalition ALDE (split 5.6% vote),7047384,197327
Romania,2704,PDL,"Democratic Liberal Party	Partidul Liberal Democrat",2012,http://www.parlgov.org/explore/ROU/election/2012-12-09/,16.5,,7409626,1222588,2016,http://www.parlgov.org/explore/ROU/election/2016-12-11/,0,,7047384,0
Romania,2705,PNL,"National Liberal Party	Partidul Na_ional Liberal",2012,http://www.parlgov.org/explore/ROU/election/2012-12-09/,21.5,"Coalition PSD, PNL, UNPR (split 58.6% of votes proportional to seats)",7409626,1593070,2016,http://www.parlgov.org/explore/ROU/election/2016-12-11/,20,,7047384,1409477
Romania,2706,UDMR,"Hungarian Democratic Union of Romania	Uniunea Democrat_a Maghiar_a din România",2012,http://www.parlgov.org/explore/ROU/election/2012-12-09/,5.1,,7409626,377891,2016,http://www.parlgov.org/explore/ROU/election/2016-12-11/,6.2,,7047384,436938
Romania,2709,UNPR,"National Union for the Progress of Romania	Uniunea Nat_ional_a pentru Progresul României",2012,http://www.parlgov.org/explore/ROU/election/2012-12-09/,2.1,"Coalition PSD, PNL, UNPR (split 58.6% of votes proportional to seats)",7409626,155602,2016,http://www.parlgov.org/explore/ROU/election/2016-12-11/,0,,7047384,0
Romania,2710,PP-DD,"People’s Party—Dan Diaconescu	Partidul Poporului—Dan Diaconescu",2012,http://www.parlgov.org/explore/ROU/election/2012-12-09/,14,,7409626,1037348,2016,http://www.parlgov.org/explore/ROU/election/2016-12-11/,0,,7047384,0
Romania,2711,PMP,"People’s Movement Party	Partidul Mis_carea Popular_a",2012,http://www.parlgov.org/explore/ROU/election/2012-12-09/,0,,7409626,0,2016,http://www.parlgov.org/explore/ROU/election/2016-12-11/,5.7,,7047384,401701
Romania,2712,PLR,"Liberal Reformist Party	Partidul Liberal Reformator",2012,http://www.parlgov.org/explore/ROU/election/2012-12-09/,0,,7409626,0,2016,http://www.parlgov.org/explore/ROU/election/2016-12-11/,2.8,Coalition ALDE (split 5.6% vote),7047384,197327
Slovakia,2802,SDKU-DS,"Slovak Democratic and Christian Union	Slovenská demokratická a kres_anská únia— Demokratická strana Democratic Party",2012,http://www.parlgov.org/explore/SVK/election/2012-03-10/,6.1,,2553726,155777,2016,http://www.parlgov.org/explore/SVK/election/2016-03-06/,0.3,,2607750,7823
Slovakia,2803,Smer-SD,"Direction—Social Democracy	Smer—sociálna demokrçacia",2012,http://www.parlgov.org/explore/SVK/election/2012-03-10/,44.4,,2553726,1133854,2016,http://www.parlgov.org/explore/SVK/election/2016-03-06/,28.3,,2607750,737993
Slovakia,2804,SMK-MKP,"Party of the Hungarian Coalition	Strana ma_arskej komunity— Magyar Közösség Pártja",2012,http://www.parlgov.org/explore/SVK/election/2012-03-10/,4.3,,2553726,109810,2016,http://www.parlgov.org/explore/SVK/election/2016-03-06/,4.1,,2607750,106918
Slovakia,2805,KDH,"Christian Democratic Movement	Kres_anskodemokratické hnutie",2012,http://www.parlgov.org/explore/SVK/election/2012-03-10/,8.8,,2553726,224728,2016,http://www.parlgov.org/explore/SVK/election/2016-03-06/,4.9,,2607750,127780
Slovakia,2809,SNS,"Slovak National Party	Slovenská národná strana",2012,http://www.parlgov.org/explore/SVK/election/2012-03-10/,4.6,,2553726,117471,2016,http://www.parlgov.org/explore/SVK/election/2016-03-06/,8.6,,2607750,224267
Slovakia,2812,SaS,"Freedom and Solidarity	Sloboda a Solidarita",2012,http://www.parlgov.org/explore/SVK/election/2012-03-10/,5.9,,2553726,150670,2016,http://www.parlgov.org/explore/SVK/election/2016-03-06/,12.1,,2607750,315538
Slovakia,2813,MH,"Bridge	Most-Hid",2012,http://www.parlgov.org/explore/SVK/election/2012-03-10/,6.9,,2553726,176207,2016,http://www.parlgov.org/explore/SVK/election/2016-03-06/,6.5,,2607750,169504
Slovakia,2814,OLaNO,"Ordinary People and Independent Personalities	Oby_ajní _udia a nezávislé osobnosti",2012,http://www.parlgov.org/explore/SVK/election/2012-03-10/,8.6,,2553726,219620,2016,http://www.parlgov.org/explore/SVK/election/2016-03-06/,11,,2607750,286853
Slovakia,2815,NOVA,"New Majority	Nová Vä_šina",2012,http://www.parlgov.org/explore/SVK/election/2012-03-10/,0,,2553726,0,2016,http://www.parlgov.org/explore/SVK/election/2016-03-06/,0,,2607750,0
Slovakia,2816,Siet,"Network	Sie_ Net /",2012,http://www.parlgov.org/explore/SVK/election/2012-03-10/,0,,2553726,0,2016,http://www.parlgov.org/explore/SVK/election/2016-03-06/,5.6,,2607750,146034
Slovakia,2817,Kotleba LSNS,"_udová strana – Naše Slovensko (Marian Kotleba)	People’s Party- Our Slovakia",2012,http://www.parlgov.org/explore/SVK/election/2012-03-10/,0,,2553726,0,2016,http://www.parlgov.org/explore/SVK/election/2016-03-06/,8,,2607750,208620
Slovakia,2818,Sme Rodina,"Sme Rodina	We Are Family",2012,http://www.parlgov.org/explore/SVK/election/2012-03-10/,0,,2553726,0,2016,http://www.parlgov.org/explore/SVK/election/2016-03-06/,6.6,,2607750,172112
Slovenia,2902,SDS,"Slovenian Democratic Party	Slovenska Demokratska Stranka",2014,http://www.parlgov.org/explore/SVN/election/2014-07-13/,20.7,,874291,180978,2018,http://www.parlgov.org/explore/SVN/election/2018-06-03/,24.9,,891097,221883
Slovenia,2903,SD,"Social Democrats	Socijalni Demokrati",2014,http://www.parlgov.org/explore/SVN/election/2014-07-13/,6,,874291,52457,2018,http://www.parlgov.org/explore/SVN/election/2018-06-03/,9.9,,891097,88219
Slovenia,2904,SLS,"Slovenian People’s Party	Slovenska Ljudska Stranka",2014,http://www.parlgov.org/explore/SVN/election/2014-07-13/,4,,874291,34972,2018,http://www.parlgov.org/explore/SVN/election/2018-06-03/,2.6,,891097,23169
Slovenia,2905,NSI,"New Slovenia-Christian People’s Party	Nova Slovenija-Kršcanska Ljudska Stranka",2014,http://www.parlgov.org/explore/SVN/election/2014-07-13/,5.6,,874291,48960,2018,http://www.parlgov.org/explore/SVN/election/2018-06-03/,7.2,,891097,64159
Slovenia,2906,DeSUS,"Democratic Party of Pensioners of Slovenia	Demokrati_na Stranka Upokojencev Slovenije",2014,http://www.parlgov.org/explore/SVN/election/2014-07-13/,10.2,,874291,89178,2018,http://www.parlgov.org/explore/SVN/election/2018-06-03/,4.9,,891097,43664
Slovenia,2911,SMC,"Party of Miro Cerar	Stranka Mira Cerarja",2014,http://www.parlgov.org/explore/SVN/election/2014-07-13/,34.5,,874291,301630,2018,http://www.parlgov.org/explore/SVN/election/2018-06-03/,9.8,,891097,87328
Slovenia,2912,ZL,"United Left	Združena Levica",2014,http://www.parlgov.org/explore/SVN/election/2014-07-13/,6,,874291,52457,2018,http://www.parlgov.org/explore/SVN/election/2018-06-03/,9.3,,891097,82872
Slovenia,2913,ZaAB,"Alliance of Alenka Bratušek	Zavezništvo Alenke Bratušek",2014,http://www.parlgov.org/explore/SVN/election/2014-07-13/,4.4,,874291,38469,2018,http://www.parlgov.org/explore/SVN/election/2018-06-03/,5.1,,891097,45446
Slovenia,2914,PS,"Positive Slovenia	Pozitivna Slovenija",2014,http://www.parlgov.org/explore/SVN/election/2014-07-13/,3,,874291,26229,2018,http://www.parlgov.org/explore/SVN/election/2018-06-03/,0,,891097,0
Croatia,3101,HDZ,"Croatian Democratic Union	Hrvatska Demokratska Zajednica",2011,http://www.parlgov.org/explore/HRV/election/2011-12-04/,23.5,,2332604,548162,2016,http://www.parlgov.org/explore/hrv/election/2016-09-11/,31.2,"Coalition HDZ, HSLS (split 35.2% of votes proportional to last election)",1978298,617229
Croatia,3102,SDP,"Social Democratic Party of Croatia	Socialdemokratska Partija Hrvatske",2011,http://www.parlgov.org/explore/HRV/election/2011-12-04/,28.5,"Coalition SDP, HNS, IDS (split 41.1% of votes proportional to seats)",2332604,664792,2016,http://www.parlgov.org/explore/hrv/election/2016-09-11/,26.1,"Coalition SPH, HNS, HSS (split 32.2% of votes proportional to last election)",1978298,516336
Croatia,3103,HSS,"Peasant Party	Hrvatska Selja_ka Stranka Croatian",2011,http://www.parlgov.org/explore/HRV/election/2011-12-04/,0.6,,2332604,13996,2016,http://www.parlgov.org/explore/hrv/election/2016-09-11/,0.5,"Coalition SPH, HNS, HSS (split 32.2% of votes proportional to last election)",1978298,9891
Croatia,3104,HSLS,"Croatian Social Liberal Party	Hrvatska Socijalno Liberalna Stranka",2011,http://www.parlgov.org/explore/HRV/election/2011-12-04/,3,,2332604,69978,2016,http://www.parlgov.org/explore/hrv/election/2016-09-11/,4,"Coalition HDZ, HSLS (split 35.2% of votes proportional to last election)",1978298,79132
Croatia,3105,HNS,"Croatian People’s Party—Liberal Democrats	Hrvatska Narodna Stranka—Liberalni Demokrati",2011,http://www.parlgov.org/explore/HRV/election/2011-12-04/,6.1,"Coalition SDP, HNS, IDS (split 41.1% of votes proportional to seats)",2332604,142289,2016,http://www.parlgov.org/explore/hrv/election/2016-09-11/,5.6,"Coalition SPH, HNS, HSS (split 32.2% of votes proportional to last election)",1978298,110785
Croatia,3106,IDS,"Democratic Assembly	Istarski Demokratski Sabor Istrian",2011,http://www.parlgov.org/explore/HRV/election/2011-12-04/,1.4,"Coalition SDP, HNS, IDS (split 41.1% of votes proportional to seats)",2332604,32656,2016,http://www.parlgov.org/explore/hrv/election/2016-09-11/,2.2,,1978298,43523
Croatia,3107,HDSSB,"Croatian Democratic Assembly of Slavonija and Baranja	Hrvatski Demokrtski Sabor Slavonije i Baranje",2011,http://www.parlgov.org/explore/HRV/election/2011-12-04/,3,,2332604,69978,2016,http://www.parlgov.org/explore/hrv/election/2016-09-11/,1.2,,1978298,23740
Croatia,3109,HSP,"Croatian Party of Rights	Hrvatska Stranka Prava",2011,http://www.parlgov.org/explore/HRV/election/2011-12-04/,3,,2332604,69978,2016,http://www.parlgov.org/explore/hrv/election/2016-09-11/,0,,1978298,0
Croatia,3112,HL-SR,"Labourists–Labour Party	Hrvatski Laburisti–Stranka Rada Croatian",2011,http://www.parlgov.org/explore/HRV/election/2011-12-04/,4.2,,2332604,97969,2016,http://www.parlgov.org/explore/hrv/election/2016-09-11/,0,,1978298,0
Croatia,3113,HSP-AS,"Croatian Party of Rights dr. Ante Starcevic	Hrvatska stranka prava dr. Ante Star_evi_",2011,http://www.parlgov.org/explore/HRV/election/2011-12-04/,0.6,,2332604,13996,2016,http://www.parlgov.org/explore/hrv/election/2016-09-11/,0,,1978298,0
Croatia,3114,ORaH,"Croatian Sustainable Development	Održivi Razvoj Hrvatske",2011,http://www.parlgov.org/explore/HRV/election/2011-12-04/,0,,2332604,0,2016,http://www.parlgov.org/explore/hrv/election/2016-09-11/,0,,1978298,0
Turkey,3401,AKP,"Justice and Development Party	Adalet ve Kalkinma Partisi",2011,http://www.parlgov.org/explore/TUR/election/2011-06-12/,49.8,,42941763,21384998,2018,http://www.parlgov.org/explore/TUR/election/2018-06-24/,42.6,,50059249,21325240
Turkey,3402,CHP,"Republican People’s Party	Cumhuriyet Halk Patisi",2011,http://www.parlgov.org/explore/TUR/election/2011-06-12/,26,,42941763,11164858,2018,http://www.parlgov.org/explore/TUR/election/2018-06-24/,22.7,,50059249,11363450
Turkey,3403,MHP,"Nationalist Movement Party	Milliyetci Hareket Partisi",2011,http://www.parlgov.org/explore/TUR/election/2011-06-12/,13,,42941763,5582429,2018,http://www.parlgov.org/explore/TUR/election/2018-06-24/,11.1,,50059249,5556577
Turkey,3407,HDP,"Peoples’ Democratic Party	Halklarin Demokratik Partisi",2011,http://www.parlgov.org/explore/TUR/election/2011-06-12/,0,,42941763,0,2018,http://www.parlgov.org/explore/TUR/election/2018-06-24/,11.7,,50059249,5856932
Norway,3501,AP,"Labour Party	Arbeiderpartiet",2013,http://www.parlgov.org/explore/NOR/election/2013-09-09/,30.8,,2836029,873497,2017,http://www.parlgov.org/explore/NOR/election/2017-09-11/,27.4,,2921657,800534
Norway,3502,FrP,"Progress Party	Fremskrittspartiet",2013,http://www.parlgov.org/explore/NOR/election/2013-09-09/,16.3,,2836029,462273,2017,http://www.parlgov.org/explore/NOR/election/2017-09-11/,15.2,,2921657,444092
Norway,3503,H,"Conservative Party	Høyre",2013,http://www.parlgov.org/explore/NOR/election/2013-09-09/,25.8,,2836029,731695,2017,http://www.parlgov.org/explore/NOR/election/2017-09-11/,25,,2921657,730414
Norway,3504,SV,"Socialist Left Party	Sosialistisk Venstreparti",2013,http://www.parlgov.org/explore/NOR/election/2013-09-09/,4.1,,2836029,116277,2017,http://www.parlgov.org/explore/NOR/election/2017-09-11/,6,,2921657,175299
Norway,3505,Sp,"Centre Party	Senterpartiet",2013,http://www.parlgov.org/explore/NOR/election/2013-09-09/,5.5,,2836029,155982,2017,http://www.parlgov.org/explore/NOR/election/2017-09-11/,10.3,,2921657,300931
Norway,3506,KrF,"Christian Democratic Party	Kristelig Folkeparti",2013,http://www.parlgov.org/explore/NOR/election/2013-09-09/,5.6,,2836029,158818,2017,http://www.parlgov.org/explore/NOR/election/2017-09-11/,4.2,,2921657,122710
Norway,3507,V,"Liberal Party	Venstre",2013,http://www.parlgov.org/explore/NOR/election/2013-09-09/,5.2,,2836029,147474,2017,http://www.parlgov.org/explore/NOR/election/2017-09-11/,4.4,,2921657,128553
Norway,3508,MDG,"Green Party	Miljøpartiet De Grønne",2013,http://www.parlgov.org/explore/NOR/election/2013-09-09/,2.8,,2836029,79409,2017,http://www.parlgov.org/explore/NOR/election/2017-09-11/,3.2,,2921657,93493
Switzerland,3601,SVP/UDC,"Swiss People’s Party	Swiss People’s Party",2011,http://www.parlgov.org/explore/CHE/election/2011-10-23/,26.6,,2442648,649744,2017,http://www.parlgov.org/explore/CHE/election/2015-10-18/,29.4,,2521502,741322
Switzerland,3602,SP/PS,"Social Democratic Party of Switzerland	Social Democratic Party of Switzerland",2011,http://www.parlgov.org/explore/CHE/election/2011-10-23/,18.7,,2442648,456775,2017,http://www.parlgov.org/explore/CHE/election/2015-10-18/,18.8,,2521502,474042
Switzerland,3603,FDP/PLR,"FDP. The Liberals	FDP. The Liberals",2011,http://www.parlgov.org/explore/CHE/election/2011-10-23/,15.1,,2442648,368840,2017,http://www.parlgov.org/explore/CHE/election/2015-10-18/,16.4,,2521502,413526
Switzerland,3604,CVP/PVC,"Christian Democratic People’s Party	Christian Democratic People’s Party",2011,http://www.parlgov.org/explore/CHE/election/2011-10-23/,12.3,,2442648,300446,2017,http://www.parlgov.org/explore/CHE/election/2015-10-18/,11.7,,2521502,295016
Switzerland,3605,GPS/PES,"Green Party	Green Party",2011,http://www.parlgov.org/explore/CHE/election/2011-10-23/,8.4,,2442648,205182,2017,http://www.parlgov.org/explore/CHE/election/2015-10-18/,7.1,,2521502,179027
Switzerland,3606,GLP/PVL,"Green Liberal Party	Green Liberal Party",2011,http://www.parlgov.org/explore/CHE/election/2011-10-23/,5.4,,2442648,131903,2017,http://www.parlgov.org/explore/CHE/election/2015-10-18/,4.6,,2521502,115989
Switzerland,3607,EVP/PEV,"Evangelical People’s Party	Evangelical People’s Party",2011,http://www.parlgov.org/explore/CHE/election/2011-10-23/,2,,2442648,48853,2017,http://www.parlgov.org/explore/CHE/election/2015-10-18/,2.1,,2521502,52952
Switzerland,3608,EDU/UDF,"Federal Democratic Union	Federal Democratic Union",2011,http://www.parlgov.org/explore/CHE/election/2011-10-23/,1.3,,2442648,31754,2017,http://www.parlgov.org/explore/CHE/election/2015-10-18/,0,,2521502,0
Switzerland,3610,LdT,"Ticino League	Ticino League",2011,http://www.parlgov.org/explore/CHE/election/2011-10-23/,0.8,,2442648,19541,2017,http://www.parlgov.org/explore/CHE/election/2015-10-18/,0,,2521502,0
Switzerland,3611,CSP/PCS,"Christian Social Party	Christian Social Party",2011,http://www.parlgov.org/explore/CHE/election/2011-10-23/,0,,2442648,0,2017,http://www.parlgov.org/explore/CHE/election/2015-10-18/,0,,2521502,0
Switzerland,3612,BDP,"Conservative Democratic Party	Conservative Democratic Party",2011,http://www.parlgov.org/explore/CHE/election/2011-10-23/,5.4,,2442648,131903,2017,http://www.parlgov.org/explore/CHE/election/2015-10-18/,4.1,,2521502,103382
Malta,3701,PL,"Labour Party	Partit Laburista",2013,http://www.parlgov.org/explore/mlt/election/2013-03-09/,54.8,,305556,167445,2017,http://www.parlgov.org/explore/mlt/election/2017-06-03/,55,,310665,170866
Malta,3702,PN,"Nationalist Party	Partit Nazzjonalista",2013,http://www.parlgov.org/explore/mlt/election/2013-03-09/,43.3,,305556,132306,2017,http://www.parlgov.org/explore/mlt/election/2017-06-03/,43.7,,310665,135761
